id,name,category_id
0,#System,0
1,Character,1
2,Corporation,1
3,Region,2
4,Constellation,2
5,Solar System,2
6,Sun,2
7,Planet,2
8,Moon,2
9,Asteroid Belt,2
10,Stargate,2
11,Asteroid OLD,2
12,Cargo Container,2
13,Ring,2
14,Biomass,2
15,Station,3
16,Station Services,3
17,Money,4
18,Mineral,4
19,Faction,1
20,Drug,4
23,Clone,5
24,Voucher,5
25,Frigate,6
26,Cruiser,6
27,Battleship,6
28,Hauler,6
29,Capsule,6
30,Titan,6
31,Shuttle,6
32,Alliance,1
38,Shield Extender,7
39,Shield Recharger,7
40,Shield Booster,7
41,Remote Shield Booster,7
43,Capacitor Recharger,7
46,Propulsion Module,7
47,Cargo Scanner,7
48,Ship Scanner,7
49,Survey Scanner,7
52,Warp Scrambler,7
53,Energy Weapon,7
54,Mining Laser,7
55,Projectile Weapon,7
56,Missile Launcher,7
57,Shield Power Relay,7
59,Gyrostabilizer,7
60,Damage Control,7
61,Capacitor Battery,7
62,Armor Repair Unit,7
63,Hull Repair Unit,7
65,Stasis Web,7
67,Remote Capacitor Transmitter,7
68,Energy Nosferatu,7
71,Energy Neutralizer,7
72,Smart Bomb,7
74,Hybrid Weapon,7
76,Capacitor Booster,7
77,Shield Hardener,7
78,Reinforced Bulkhead,7
80,Burst Jammer,7
82,Passive Targeting System,7
83,Projectile Ammo,8
85,Hybrid Charge,8
86,Frequency Crystal,8
87,Capacitor Booster Charge,8
88,Defender Missiles,8
89,Torpedo,8
90,Bomb,8
92,Mine,8
94,Trading,10
95,Trade Session,10
96,Automated Targeting System,7
97,Proximity Drone,18
98,Armor Coating,7
99,Sentry Gun,11
100,Combat Drone,18
101,Mining Drone,18
104,Clone Blueprint,9
105,Frigate Blueprint,9
106,Cruiser Blueprint,9
107,Battleship Blueprint,9
108,Hauler Blueprint,9
109,Capsule Blueprint,9
110,Titan Blueprint,9
111,Shuttle Blueprint,9
118,Shield Extender Blueprint,9
119,Shield Recharger Blueprint,9
120,Shield Booster Blueprint,9
121,Remote Shield Booster Blueprint,9
123,Capacitor Recharger Blueprint,9
126,Propulsion Module Blueprint,9
127,Cargo Scanner Blueprint,9
128,Ship Scanner Blueprint,9
129,Survey Scanner Blueprint,9
130,ECM Blueprint,9
131,ECCM Blueprint,9
132,Warp Scrambler Blueprint,9
133,Energy Weapon Blueprint,9
134,Mining Laser Blueprint,9
135,Projectile Weapon Blueprint,9
136,Missile Launcher Blueprint,9
137,Power Manager Blueprint,9
139,Gunnery Upgrade Blueprint,9
140,Damage Control Blueprint,9
141,Capacitor Battery Blueprint,9
142,Armor Repair Unit Blueprint,9
143,Hull Repair Unit Blueprint,9
145,Stasis Web Blueprint,9
147,Remote Capacitor Transmitter Blueprint,9
148,Energy Nosferatu Blueprint,9
151,Energy Neutralizer Blueprint,9
152,Smart Bomb Blueprint,9
154,Hybrid Weapon Blueprint,9
156,Capacitor Booster Blueprint,9
157,Shield Hardener Blueprint,9
158,Hull Mods Blueprint,9
160,Burst Jammer Blueprint,9
161,Passive Targeting System Blueprint,9
162,Automated Targeting System Blueprint,9
163,Armor Coating Blueprint,9
165,Projectile Ammo Blueprint,9
166,Missile Blueprint,9
167,Hybrid Charge Blueprint,9
168,Frequency Crystal Blueprint,9
169,Capacitor Booster Charge Blueprint,9
170,Defender Missile Blueprint,9
172,Bomb Blueprint,9
174,Mine Blueprint,9
175,Proximity Drone Blueprint,9
176,Combat Drone Blueprint,9
177,Mining Drone Blueprint,9
178,Drug Blueprint,9
180,Protective Sentry Gun,11
182,Police Drone,11
185,Pirate Drone,11
186,Wreck,2
190,Bloodline Bonus,14
191,Physical Benefit,14
192,Physical Handicap,14
193,Phobia Handicap,14
194,Social Handicap,14
195,Amarr Education,14
196,Caldari Education,14
197,Gallente Education,14
198,Minmatar Education,14
199,Career Bonus,14
201,ECM,7
202,ECCM,7
203,Sensor Backup Array,7
205,Heat Sink,7
208,Sensor Dampener,7
209,Remote Tracking Computer,7
210,Signal Amplifier,7
211,Tracking Enhancer,7
212,Sensor Booster,7
213,Tracking Computer,7
218,Heat Sink Blueprint,9
223,Sensor Booster Blueprint,9
224,Tracking Computer Blueprint,9
225,Cheat Module Group,7
226,Large Collidable Object,2
227,Cloud,2
237,Corvette,6
255,Gunnery,16
256,Missiles,16
257,Spaceship Command,16
258,Fleet Support,16
266,Corporation Management,16
267,Obsolete Books,17
268,Production,16
269,Rigging,16
270,Science,16
272,Electronic Systems,16
273,Drones,16
274,Trade,16
275,Navigation,16
278,Social,16
279,LCO Drone,11
280,General,17
281,Frozen,17
282,Radioactive,17
283,Livestock,17
284,Biohazard,17
285,CPU Enhancer,7
286,Minor Threat,11
287,Rogue Drone,11
288,Faction Drone,11
289,Projected ECCM,7
290,Remote Sensor Booster,7
291,Weapon Disruptor,7
295,Shield Resistance Amplifier,7
296,Shield Resistance Amplifier Blueprint,9
297,Convoy,11
298,Convoy Drone,11
299,Repair Drone,18
300,Cyberimplant,20
301,Concord Drone,11
302,Magnetic Field Stabilizer,7
303,Booster,20
304,DNA Mutator,20
305,Comet,2
306,Spawn Container,11
307,Construction Platform,2
308,Countermeasure Launcher,7
309,Autopilot,7
310,Beacon,2
311,Reprocessing Array,23
312,Planetary Cloud,2
313,Drugs,17
314,Miscellaneous,17
315,Warp Core Stabilizer,7
316,Gang Coordinator,7
317,Computer Interface Node,7
318,Landmark,2
319,Large Collidable Structure,11
321,Shield Disruptor,7
323,Billboard,11
324,Assault Frigate,6
325,Remote Armor Repairer,7
326,Energized Armor Membrane,7
328,Armor Hardener,7
329,Armor Plate,7
330,Cloaking Device,7
332,Tool,17
333,Datacores,17
334,Construction Components,17
335,Temporary Cloud,11
336,Mobile Sentry Gun,2
337,Mission Drone,11
338,Shield Boost Amplifier,7
339,Auxiliary Power Core,7
340,Secure Cargo Container,2
341,Signature Scrambling,7
342,Anti Warp Scrambler Blueprint,9
343,Weapon Disruptor Blueprint,9
344,Tracking Enhancer Blueprint,9
345,Remote Tracking Computer Blueprint,9
346,Co-Processor Blueprint,9
347,Signal Amplifier Blueprint,9
348,Armor Hardener Blueprint,9
349,Armor Plate Blueprint,9
350,Remote Armor Repairer Blueprint,9
352,Auxiliary Power Core Blueprint,9
353,QA Module,7
355,Refinables,17
356,Tool Blueprint,9
357,DroneBayExpander,7
358,Heavy Assault Cruiser,6
360,Shield Boost Amplifier Blueprint,9
361,Mobile Warp Disruptor,22
363,Ship Maintenance Array,23
364,Mobile Storage,23
365,Control Tower,23
366,Warp Gate,2
367,Ballistic Control system,7
368,Global Warp Disruptor,2
369,Ship Logs,17
370,Criminal Tags,17
371,Mobile Warp Disruptor Blueprint,9
372,Advanced Autocannon Ammo,8
373,Advanced Railgun Charge,8
374,Advanced Beam Laser Crystal,8
375,Advanced Pulse Laser Crystal,8
376,Advanced Artillery Ammo,8
377,Advanced Blaster Charge,8
378,Cruise Control,7
379,Target Painter,7
380,Deep Space Transport,6
381,Elite Battleship,6
382,Shipping Crates,2
383,Destructible Sentry Gun,11
384,Light Missile,8
385,Heavy Missile,8
386,Cruise Missile,8
387,Rocket,8
394,Auto-Targeting Light Missile,8
395,Auto-Targeting Heavy Missile,8
396,Auto-Targeting Cruise Missile,8
397,Assembly Array,23
400,Ballistic Control System Blueprint,9
401,Cloaking Device Blueprint,9
404,Silo,23
405,Anti Cloaking Pulse,7
406,Smartbomb Supercharger,7
407,Fighter Support Unit,7
408,Drone Upgrade Blueprint,9
409,Empire Insignia Drops,17
410,Anti Cloaking Pulse Blueprint,9
411,Force Field,2
413,Laboratory,23
414,Mobile Power Core,23
416,Moon Mining,23
417,Mobile Missile Sentry,23
418,Mobile Shield Generator,23
419,Combat Battlecruiser,6
420,Destroyer,6
422,Gas Isotopes,4
423,Ice Product,4
425,Orbital Assault Unit,8
426,Mobile Projectile Sentry,23
427,Moon Materials,4
428,Intermediate Materials,4
429,Composite,4
430,Mobile Laser Sentry,23
435,Deadspace Overseer,11
436,Simple Reaction,24
438,Mobile Reactor,23
439,Electronic Warfare Battery,23
440,Sensor Dampening Battery,23
441,Stasis Webification Battery,23
443,Warp Scrambling Battery,23
444,Shield Hardening Array,23
445,Force Field Array,23
446,Customs Official,11
447,Construction Component Blueprints,9
448,Audit Log Secure Container,2
449,Mobile Hybrid Sentry,23
450,Arkonor,25
451,Bistot,25
452,Crokite,25
453,Dark Ochre,25
454,Hedbergite,25
455,Hemorphite,25
456,Jaspet,25
457,Kernite,25
458,Plagioclase,25
459,Pyroxeres,25
460,Scordite,25
461,Spodumain,25
462,Veldspar,25
463,Mining Barge,6
464,Strip Miner,7
465,Ice,25
467,Gneiss,25
468,Mercoxit,25
469,Omber,25
470,Unanchoring Drone,18
471,Corporate Hangar Array,23
472,System Scanner,7
473,Tracking Array,23
474,Acceleration Gate Keys,17
475,Microwarpdrive,7
476,XL Torpedo,8
477,Mining Barge Blueprint,9
478,System Scanner Blueprint,9
479,Scanner Probe,8
480,Stealth Emitter Array,23
481,Scan Probe Launcher,7
482,Mining Crystal,8
483,Frequency Mining Laser,7
484,Complex Reactions,24
485,Dreadnought,6
486,Scan Probe Blueprint,9
487,Destroyer Blueprint,9
489,Battlecruiser Blueprint,9
490,Strip Miner Blueprint,9
492,Survey Probe,8
493,Overseer Personal Effects,17
494,Deadspace Overseer's Structure,11
495,Deadspace Overseer's Sentry,11
496,Deadspace Overseer's Belongings,11
497,Fuel,8
498,Modifications,8
499,New EW Testing,7
500,Festival Charges,8
501,Festival Launcher,7
502,Cosmic Signature,2
503,Elite Hauler Blueprint,9
504,Target Painter Blueprint,9
505,Fake Skills,16
506,Missile Launcher Cruise,7
507,Missile Launcher Rocket,7
508,Missile Launcher Torpedo,7
509,Missile Launcher Light,7
510,Missile Launcher Heavy,7
511,Missile Launcher Rapid Light,7
512,Missile Launcher Defender,7
513,Freighter,6
514,ECM Stabilizer,7
515,Siege Module,7
516,Siege Module Blueprint,9
517,Agents in Space,2
518,Anti Ballistic Defense System,7
519,Terran Artifacts,25
520,Storyline Frigate,11
521,Identification,17
522,Storyline Cruiser,11
523,Storyline Battleship,11
524,Missile Launcher XL Torpedo,7
525,Freighter Blueprint,9
526,Commodities,17
527,Storyline Mission Frigate,11
528,Artifacts and Prototypes,17
530,Materials and Compounds,17
532,Gang Coordinator Blueprint,9
533,Storyline Mission Cruiser,11
534,Storyline Mission Battleship,11
535,Construction Platform Blueprint,9
536,Structure Components,17
537,Dreadnought Blueprint,9
538,Data Miners,7
540,Command Ship,6
541,Interdictor,6
543,Exhumer,6
544,Energy Neutralizer Drone,18
545,Warp Scrambling Drone,18
546,Mining Upgrade,7
547,Carrier,6
548,Interdiction Probe,8
549,Fighter Drone,18
550,Asteroid Angel Cartel Frigate,11
551,Asteroid Angel Cartel Cruiser,11
552,Asteroid Angel Cartel Battleship,11
553,Asteroid Angel Cartel Officer,11
554,Asteroid Angel Cartel Hauler,11
555,Asteroid Blood Raiders Cruiser,11
556,Asteroid Blood Raiders Battleship,11
557,Asteroid Blood Raiders Frigate,11
558,Asteroid Blood Raiders Hauler,11
559,Asteroid Blood Raiders Officer,11
560,Asteroid Guristas Battleship,11
561,Asteroid Guristas Cruiser,11
562,Asteroid Guristas Frigate,11
563,Asteroid Guristas Hauler,11
564,Asteroid Guristas Officer,11
565,Asteroid Sansha's Nation Battleship,11
566,Asteroid Sansha's Nation Cruiser,11
567,Asteroid Sansha's Nation Frigate,11
568,Asteroid Sansha's Nation Hauler,11
569,Asteroid Sansha's Nation Officer,11
570,Asteroid Serpentis Battleship,11
571,Asteroid Serpentis Cruiser,11
572,Asteroid Serpentis Frigate,11
573,Asteroid Serpentis Hauler,11
574,Asteroid Serpentis Officer,11
575,Asteroid Angel Cartel Destroyer,11
576,Asteroid Angel Cartel BattleCruiser,11
577,Asteroid Blood Raiders Destroyer,11
578,Asteroid Blood Raiders BattleCruiser,11
579,Asteroid Guristas Destroyer,11
580,Asteroid Guristas BattleCruiser,11
581,Asteroid Sansha's Nation Destroyer,11
582,Asteroid Sansha's Nation BattleCruiser,11
583,Asteroid Serpentis Destroyer,11
584,Asteroid Serpentis BattleCruiser,11
585,Remote Hull Repairer,7
586,Drone Modules,7
588,Super Weapon,7
589,Interdiction Sphere Launcher,7
590,Jump Portal Generator,7
593,Deadspace Angel Cartel BattleCruiser,11
594,Deadspace Angel Cartel Battleship,11
595,Deadspace Angel Cartel Cruiser,11
596,Deadspace Angel Cartel Destroyer,11
597,Deadspace Angel Cartel Frigate,11
602,Deadspace Blood Raiders BattleCruiser,11
603,Deadspace Blood Raiders Battleship,11
604,Deadspace Blood Raiders Cruiser,11
605,Deadspace Blood Raiders Destroyer,11
606,Deadspace Blood Raiders Frigate,11
611,Deadspace Guristas BattleCruiser,11
612,Deadspace Guristas Battleship,11
613,Deadspace Guristas Cruiser,11
614,Deadspace Guristas Destroyer,11
615,Deadspace Guristas Frigate,11
620,Deadspace Sansha's Nation BattleCruiser,11
621,Deadspace Sansha's Nation Battleship,11
622,Deadspace Sansha's Nation Cruiser,11
623,Deadspace Sansha's Nation Destroyer,11
624,Deadspace Sansha's Nation Frigate,11
629,Deadspace Serpentis BattleCruiser,11
630,Deadspace Serpentis Battleship,11
631,Deadspace Serpentis Cruiser,11
632,Deadspace Serpentis Destroyer,11
633,Deadspace Serpentis Frigate,11
638,Navigation Computer,7
639,Electronic Warfare Drone,18
640,Logistic Drone,18
641,Stasis Webifying Drone,18
642,Super Gang Enhancer,7
643,Carrier Blueprint,9
644,Drone Navigation Computer,7
645,Drone Damage Modules,7
646,Drone Tracking Modules,7
647,Drone Control Range Module,7
648,Advanced Rocket,8
649,Freight Container,2
650,Tractor Beam,7
651,Super Weapon Blueprint,9
652,Lease,17
653,Advanced Light Missile,8
654,Advanced Heavy Assault Missile,8
655,Advanced Heavy Missile,8
656,Advanced Cruise Missile,8
657,Advanced Torpedo,8
658,Cynosural Field Generator,7
659,Supercarrier,6
660,Energy Vampire Slayer,7
661,Simple Biochemical Reactions,24
662,Complex Biochemical Reactions,24
663,Mercoxit Mining Crystal,8
665,Mission Amarr Empire Frigate,11
666,Mission Amarr Empire Battlecruiser,11
667,Mission Amarr Empire Battleship,11
668,Mission Amarr Empire Cruiser,11
669,Mission Amarr Empire Destroyer,11
670,Mission Amarr Empire Other,11
671,Mission Caldari State Frigate,11
672,Mission Caldari State Battlecruiser,11
673,Mission Caldari State Cruiser,11
674,Mission Caldari State Battleship,11
675,Mission Caldari State Other,11
676,Mission Caldari State Destroyer,11
677,Mission Gallente Federation Frigate,11
678,Mission Gallente Federation Cruiser,11
679,Mission Gallente Federation Destroyer,11
680,Mission Gallente Federation Battleship,11
681,Mission Gallente Federation Battlecruiser,11
682,Mission Gallente Federation Other,11
683,Mission Minmatar Republic Frigate,11
684,Mission Minmatar Republic Destroyer,11
685,Mission Minmatar Republic Battlecruiser,11
686,Mission Minmatar Republic Other,11
687,Mission Khanid Frigate,11
688,Mission Khanid Destroyer,11
689,Mission Khanid Cruiser,11
690,Mission Khanid Battlecruiser,11
691,Mission Khanid Battleship,11
692,Mission Khanid Other,11
693,Mission CONCORD Frigate,11
694,Mission CONCORD Destroyer,11
695,Mission CONCORD Cruiser,11
696,Mission CONCORD Battlecruiser,11
697,Mission CONCORD Battleship,11
698,Mission CONCORD Other,11
699,Mission Mordu Frigate,11
700,Mission Mordu Destroyer,11
701,Mission Mordu Cruiser,11
702,Mission Mordu Battlecruiser,11
703,Mission Mordu Battleship,11
704,Mission Mordu Other,11
705,Mission Minmatar Republic Cruiser,11
706,Mission Minmatar Republic Battleship,11
707,Jump Portal Array,23
709,Scanner Array,23
710,Logistics Array,23
711,Harvestable Cloud,2
712,Biochemical Material,4
715,Destructible Agents In Space,11
716,Data Interfaces,17
718,Booster Blueprints,9
721,Temp,20
722,Advanced Hybrid Charge Blueprint,9
723,Tractor Beam Blueprint,9
724,Implant Blueprints,9
725,Advanced Projectile Ammo Blueprint,9
726,Advanced Frequency Crystal Blueprint,9
727,Mining Crystal Blueprint,9
728,Decryptors - Amarr,35
729,Decryptors - Minmatar,35
730,Decryptors - Gallente,35
731,Decryptors - Caldari,35
732,Decryptors - Sleepers,17
733,Decryptors - Yan Jung,17
734,Decryptors - Takmahl,17
735,Decryptors - Talocan,17
737,Gas Cloud Scoops,7
738,Cyber Armor,20
739,Cyber Drones,20
740,Cyber Electronic Systems,20
741,Cyber Engineering,20
742,Cyber Gunnery,20
743,Cyber Production,20
744,Cyber Leadership,20
745,Cyber Learning,20
746,Cyber Missile,20
747,Cyber Navigation,20
748,Cyber Science,20
749,Cyber Shields,20
750,Cyber Social,20
751,Cyber Trade,20
753,ECM Enhancer,7
754,Salvaged Materials,4
755,Asteroid Rogue Drone BattleCruiser,11
756,Asteroid Rogue Drone Battleship,11
757,Asteroid Rogue Drone Cruiser,11
758,Asteroid Rogue Drone Destroyer,11
759,Asteroid Rogue Drone Frigate,11
760,Asteroid Rogue Drone Hauler,11
761,Asteroid Rogue Drone Swarm,11
762,Inertial Stabilizer,7
763,Nanofiber Internal Structure,7
764,Overdrive Injector System,7
765,Expanded Cargohold,7
766,Power Diagnostic System,7
767,Capacitor Power Relay,7
768,Capacitor Flux Coil,7
769,Reactor Control Unit,7
770,Shield Flux Coil,7
771,Missile Launcher Heavy Assault,7
772,Heavy Assault Missile,8
773,Rig Armor,7
774,Rig Shield,7
775,Rig Energy Weapon,7
776,Rig Hybrid Weapon,7
777,Rig Projectile Weapon,7
778,Rig Drones,7
779,Rig Launcher,7
781,Rig Core,7
782,Rig Navigation,7
783,Cyber X Specials,20
784,Large Collidable Ship,11
786,Rig Electronic Systems,7
787,Rig Blueprint,9
789,Asteroid Angel Cartel Commander Frigate,11
790,Asteroid Angel Cartel Commander Cruiser,11
791,Asteroid Blood Raiders Commander Cruiser,11
792,Asteroid Blood Raiders Commander Frigate,11
793,Asteroid Angel Cartel Commander BattleCruiser,11
794,Asteroid Angel Cartel Commander Destroyer,11
795,Asteroid Blood Raiders Commander BattleCruiser,11
796,Asteroid Blood Raiders Commander Destroyer,11
797,Asteroid Guristas Commander BattleCruiser,11
798,Asteroid Guristas Commander Cruiser,11
799,Asteroid Guristas Commander Destroyer,11
800,Asteroid Guristas Commander Frigate,11
801,Deadspace Rogue Drone BattleCruiser,11
802,Deadspace Rogue Drone Battleship,11
803,Deadspace Rogue Drone Cruiser,11
804,Deadspace Rogue Drone Destroyer,11
805,Deadspace Rogue Drone Frigate,11
806,Deadspace Rogue Drone Swarm,11
807,Asteroid Sansha's Nation Commander BattleCruiser,11
808,Asteroid Sansha's Nation Commander Cruiser,11
809,Asteroid Sansha's Nation Commander Destroyer,11
810,Asteroid Sansha's Nation Commander Frigate,11
811,Asteroid Serpentis Commander BattleCruiser,11
812,Asteroid Serpentis Commander Cruiser,11
813,Asteroid Serpentis Commander Destroyer,11
814,Asteroid Serpentis Commander Frigate,11
815,Clone Vat Bay,7
816,Mission Generic Battleships,11
817,Mission Generic Cruisers,11
818,Mission Generic Frigates,11
819,Deadspace Overseer Frigate,11
820,Deadspace Overseer Cruiser,11
821,Deadspace Overseer Battleship,11
822,Mission Thukker Battlecruiser,11
823,Mission Thukker Battleship,11
824,Mission Thukker Cruiser,11
825,Mission Thukker Destroyer,11
826,Mission Thukker Frigate,11
827,Mission Thukker Other,11
828,Mission Generic Battle Cruisers,11
829,Mission Generic Destroyers,11
830,Covert Ops,6
831,Interceptor,6
832,Logistics,6
833,Force Recon Ship,6
834,Stealth Bomber,6
835,Station Upgrade Platform,2
836,Station Improvement Platform,2
837,Energy Neutralizing Battery,23
838,Cynosural Generator Array,23
839,Cynosural System Jammer,23
840,Structure Repair Array,23
841,Starbase - Control Tower Blueprints,9
842,Burst Projectors,7
843,Asteroid Rogue Drone Commander BattleCruiser,11
844,Asteroid Rogue Drone Commander Battleship,11
845,Asteroid Rogue Drone Commander Cruiser,11
846,Asteroid Rogue Drone Commander Destroyer,11
847,Asteroid Rogue Drone Commander Frigate,11
848,Asteroid Angel Cartel Commander Battleship,11
849,Asteroid Blood Raiders Commander Battleship,11
850,Asteroid Guristas Commander Battleship,11
851,Asteroid Sansha's Nation Commander Battleship,11
852,Asteroid Serpentis Commander Battleship,11
853,Starbase - Laser Battery Blueprints,9
854,Starbase - Projectile Battery Blueprints,9
855,Starbase - Hybrid Battery Blueprints,9
856,Starbase - ECM Jamming Array Blueprints,9
857,Starbase - Warp Scrambling Battery Blueprints,9
858,Starbase - Stasis Webification Battery Blueprints,9
859,Starbase - Sensor Dampening Array Blueprints,9
860,Starbase - Energy Neutralizing Battery Blueprints,9
861,Mission Fighter Drone,11
862,Missile Launcher Bomb,7
863,Bomb ECM,8
864,Bomb Energy,8
865,Mission Amarr Empire Carrier,11
866,Mission Caldari State Carrier,11
867,Mission Gallente Federation Carrier,11
868,Mission Minmatar Republic Carrier,11
870,Remote Hull Repairer Blueprint,9
871,Starbase - Missile Battery Blueprints,9
872,Outpost Improvements,5
873,Capital Construction Components,17
874,Disruptable Station Services,2
875,Mission Faction Transports,11
876,Outpost Upgrades,5
877,Target Painting Battery,23
878,Cloak Enhancements,7
879,Slave Reception,17
880,Sleeper Components,17
881,Freedom Programs,24
882,Enslavement Programs,24
883,Capital Industrial Ship,6
884,Test Compressed Ore,17
885,Cosmic Anomaly,2
886,Rogue Drone Components,4
888,Ore Compression Blueprints,9
889,Ore Enhancement Blueprints,9
890,Ice Compression Blueprints,9
891,Starbase - Mobile Laboratory Blueprints,9
892,Planet Satellites,8
893,Electronic Attack Ship,6
894,Heavy Interdiction Cruiser,6
896,Rig Security Transponder,7
897,Covert Cynosural Field,2
898,Black Ops,6
899,Warp Disrupt Field Generator,7
900,Marauder,6
901,Mining Enhancer,7
902,Jump Freighter,6
903,Ancient Compressed Ice,25
904,Rig Mining,7
905,Covert Cynosural Field Generator,7
906,Combat Recon Ship,6
907,Tracking Script,8
908,Warp Disruption Script,8
909,Tracking Disruption Script,8
910,Sensor Booster Script,8
911,Sensor Dampener Script,8
912,Script Blueprint,9
913,Advanced Capital Construction Components,17
914,Advanced Capital Construction Component Blueprints,9
915,Capital Construction Blueprints,9
916,Nanite Repair Paste,8
917,Data Miner Blueprint,9
918,Scan Probe Launcher Blueprint,9
920,Effect Beacon,2
922,Capture Point,11
924,Mission Faction Battleship,11
925,FW Infrastructure Hub,11
927,Mission Faction Haulers,11
934,Zombie Entities,11
935,WorldSpace,26
937,Decorations,29
940,Furniture,49
941,Industrial Command Ship,6
943,Legacy Currency,5
944,Capital Industrial Ship Blueprint,9
945,Industrial Command Ship Blueprint,9
952,Mission Container,11
954,Defensive Subsystem,32
955,Depricated Subsystems,17
956,Offensive Subsystem,32
957,Propulsion Subsystem,32
958,Core Subsystem,32
959,Deadspace Sleeper Sleepless Sentinel,11
960,Deadspace Sleeper Awakened Sentinel,11
961,Deadspace Sleeper Emergent Sentinel,11
963,Strategic Cruiser,6
964,Hybrid Tech Components,17
965,Hybrid Component Blueprints,9
966,Ancient Salvage,4
967,Wormhole Minerals,4
971,Sleeper Propulsion Relics,34
972,Obsolete Probes,8
973,Subsystem Blueprints,9
974,Hybrid Polymers,4
976,Festival Charges Expired,63
977,Hybrid Reactions,24
979,Decryptors - Hybrid,35
982,Deadspace Sleeper Sleepless Defender,11
983,Deadspace Sleeper Sleepless Patroller,11
984,Deadspace Sleeper Awakened Defender,11
985,Deadspace Sleeper Awakened Patroller,11
986,Deadspace Sleeper Emergent Defender,11
987,Deadspace Sleeper Emergent Patroller,11
988,Wormhole,2
990,Sleeper Electronics Relics,34
991,Sleeper Offensive Relics,34
992,Sleeper Engineering Relics,34
993,Sleeper Defensive Relics,34
995,Secondary Sun,2
996,Strategic Cruiser Blueprints,9
997,Sleeper Hull Relics,34
1003,Territorial Claim Unit,40
1004,Defense Bunkers,40
1005,Sovereignty Blockade Unit,40
1006,Mission Faction Cruiser,11
1007,Mission Faction Frigate,11
1010,Compact XL Torpedo,8
1012,Infrastructure Hub,40
1013,Supercarrier Blueprints,9
1016,Strategic Upgrades,39
1019,XL Cruise Missile,8
1020,Industrial Upgrades,39
1021,Military Upgrades,39
1022,Prototype Exploration Ship,6
1023,Fighter Bomber,18
1025,Orbital Infrastructure,46
1026,Extractors,41
1027,Command Centers,41
1028,Processors,41
1029,Storage Facilities,41
1030,Spaceports,41
1031,Planetary Resources,17
1032,Planet Solid - Raw Resource,42
1033,Planet Liquid-Gas - Raw Resource,42
1034,Refined Commodities - Tier 2,43
1035,Planet Organic - Raw Resource,42
1036,Planetary Links,41
1040,Specialized Commodities - Tier 3,43
1041,Advanced Commodities - Tier 4,43
1042,Basic Commodities - Tier 1,43
1045,Sovereignty Structure Blueprint,9
1046,Nanite Repair Paste Blueprint,9
1048,Starbase Blueprint,9
1051,Incursion Sansha's Nation Industrial,11
1052,Incursion Sansha's Nation Capital,11
1053,Incursion Sansha's Nation Frigate,11
1054,Incursion Sansha's Nation Cruiser,11
1056,Incursion Sansha's Nation Battleship,11
1063,Extractor Control Units,41
1067,MaterialZone,26
1068,DetailMesh,26
1071,Flashpoint,2
1073,Test Orbitals,46
1079,Generic,49
1081,Mercenary Bases,41
1082,Capsuleer Bases,41
1083,Eyewear,30
1084,Tattoos,30
1085,Piercings,30
1086,Scars,30
1087,Mid Layer,30
1088,Outer,30
1089,Tops,30
1090,Bottoms,30
1091,Footwear,30
1092,Headwear,30
1093,Makeup,30
1105,Lens Flares,53
1106,Orbital Construction Platform,46
1107,Particle Systems,53
1108,Animated Lights,53
1109,Audio,29
1110,Point Lights,54
1111,Box Lights,54
1112,Spot Lights,54
1118,Surface Infrastructure Prefab Units,17
1121,Perception Points,29
1122,Salvager,7
1123,Salvager Blueprint,9
1126,PhysicalPortals,59
1136,Fuel Block,4
1137,Fuel Block Blueprint,9
1139,Mining Laser Upgrade Blueprint,9
1141,Research Data,17
1142,Energy Neutralizer Drone Blueprint,9
1143,Electronic Warfare Drone Blueprint,9
1144,Logistic Drone Blueprint,9
1145,Heavy Fighter Blueprint,9
1146,Light Fighter Blueprint,9
1147,Stasis Webifying Drone Blueprint,9
1149,Mobile Jump Disruptor,22
1150,Armor Resistance Shift Hardener,7
1151,Armor Resistance Shift Hardener Blueprint,9
1152,Drone Damage Module Blueprint,9
1153,Shield Booster Script,8
1154,Signature Suppressor,7
1155,Signature Suppressor Blueprint,9
1156,Ancillary Shield Booster,7
1157,Fueled Shield Booster Blueprint,9
1158,Heavy Defender Missile,8
1159,Salvage Drone,18
1160,Survey Probe Blueprints,9
1162,Container Blueprints,9
1165,Satellite,2
1166,FW Minmatar Republic Frigate,11
1167,FW Caldari State Frigate,11
1168,FW Gallente Federation Frigate,11
1169,FW Amarr Empire Frigate,11
1174,Asteroid Rogue Drone Officer,11
1175,FW Amarr Empire Destroyer,11
1176,FW Caldari State Destroyer,11
1177,FW Gallente Federation Destroyer,11
1178,FW Minmatar Republic Destroyer,11
1179,FW Amarr Empire Cruiser,11
1180,FW Caldari State Cruiser,11
1181,FW Gallente Federation Cruiser,11
1182,FW Minmatar Republic Cruiser,11
1183,FW Amarr Empire Battlecruiser,11
1184,FW Caldari State Battlecruiser,11
1185,FW Gallente Federation Battlecruiser,11
1186,FW Minmatar Republic Battlecruiser,11
1189,Micro Jump Drive,7
1190,Salvage Drone Blueprint,9
1191,Micro Jump Drive Blueprint,9
1194,Special Edition Commodities,63
1195,Tournament Cards: New Eden Open YC 114,63
1197,Special Edition Commodity Blueprints,9
1198,Orbital Target,2
1199,Ancillary Armor Repairer,7
1200,Fueled Armor Repairer Blueprint,9
1201,Attack Battlecruiser,6
1202,Blockade Runner,6
1206,Security Tags,17
1207,Scatter Container,11
1209,Shields,16
1210,Armor,16
1212,Personal Hangar,23
1213,Targeting,16
1216,Engineering,16
1217,Scanning,16
1218,Resource Processing,16
1220,Neural Enhancement,16
1222,ECM Stabilizer Blueprint,9
1223,Scanning Upgrade,7
1224,Scanning Upgrade Blueprint,9
1225,Tournament Cards: Alliance Tournament All Stars,63
1226,Survey Probe Launcher,7
1227,Survey Probe Launcher Blueprint,9
1228,Cyber Targeting,20
1229,Cyber Resource Processing,20
1230,Cyber Scanning,20
1231,Cyber Biology,20
1232,Rig Resource Processing,7
1233,Rig Scanning,7
1234,Rig Targeting,7
1238,Scanning Upgrade Time,7
1239,Scanning Upgrade Time Blueprint,9
1240,Subsystems,16
1241,Planet Management,16
1245,Missile Launcher Rapid Heavy,7
1246,Mobile Depot,22
1247,Mobile Siphon Unit,22
1248,Bounty Encrypted Bonds,17
1249,Mobile Cyno Inhibitor,22
1250,Mobile Tractor Unit,22
1252,Ghost Sites Angel Cartel Cruiser,11
1255,Ghost Sites Blood Raiders Cruiser,11
1259,Ghost Sites Guristas Cruiser,11
1262,Ghost Sites Serpentis Cruiser,11
1265,Ghost Sites Sanshas Cruiser,11
1267,Mobile Siphon Unit Blueprint,9
1268,Mobile Cynosural Inhibitor Blueprint,9
1269,Mobile Depot Blueprint,9
1270,Mobile Tractor Unit Blueprint,9
1271,Prosthetics,30
1273,Encounter Surveillance System,22
1274,Mobile Decoy Unit,22
1275,Mobile Scan Inhibitor,22
1276,Mobile Micro Jump Unit,22
1277,Encounter Surveillance System Blueprint,9
1282,Compression Array,23
1283,Expedition Frigate,6
1285,Asteroid Mordus Legion Commander Frigate,11
1286,Asteroid Mordus Legion Commander Cruiser,11
1287,Asteroid Mordus Legion Commander Battleship,11
1288,Ghost Sites Mordu's Legion,11
1289,Warp Accelerator,7
1292,Drone Tracking Enhancer,7
1293,Mobile Scan Inhibitor Blueprint,9
1294,Mobile Micro Jump Unit Blueprint,9
1295,Mobile Decoy Unit Blueprint,9
1297,Mobile Vault,22
1299,Jump Drive Economizer,7
1301,Services,5
1304,Generic Decryptor,35
1305,Tactical Destroyer,6
1306,Ship Modifiers,7
1307,Roaming Sleepers Cruiser,11
1308,Rig Anchor,7
1309,Tactical Destroyer Blueprint,9
1310,Drifter Battleship,11
1311,Super Kerr-Induced Nanocoatings,5
1312,Observatory Structures,22
1313,Entosis Link,7
1314,Unknown Components,17
1316,Entosis Command Node,2
1317,Infrastructure Upgrade Blueprint,9
1318,Entosis Link Blueprint,9
1319,Miscellaneous,29
1321,Structure Citadel Service Module,66
1322,Structure Resource Processing Service Module,66
1323,Structure Observatory Service Module,66
1324,Structure Navigation Service Module,66
1325,Structure Administration Service Module,66
1326,Structure Advertisement Service Module,66
1327,Structure XL Missile Launcher,66
1328,Structure Guided Bomb Launcher,66
1329,Structure Energy Neutralizer,66
1330,Structure Area Denial Module,66
1331,Structure Burst Projector,66
1332,Structure ECM Battery,66
1333,Structure Doomsday Weapon,66
1395,Missile Guidance Enhancer,7
1396,Missile Guidance Computer,7
1397,Missile Guidance Enhancer Blueprint,9
1399,Missile Guidance Computer Blueprint,9
1400,Missile Guidance Script,8
1402,Amarr Navy Roaming Battleship,11
1404,Engineering Complex,65
1405,Laboratory,65
1406,Refinery,65
1407,Observatory Array,65
1408,Upwell Jump Gate,65
1409,Administration Hub,65
1410,Advertisement Center,65
1411,Amarr Navy Roaming Cruiser,11
1412,Amarr Navy Roaming Capital,11
1413,Amarr Navy Roaming Logistics,11
1414,Amarr Navy Roaming Frigate,11
1415,Structure Engineering Service Module,66
1416,Structure Research Service Module,66
1429,Structure Weapon Upgrade,66
1430,Structure Fitting Module,66
1441,Structure Stasis Webifier,66
1442,Structure Warp Scrambler,66
1452,Irregular Drone,11
1453,Irregular EW Drone,11
1454,Irregular Fighter,11
1455,Irregular Fighter Squadron,11
1461,Unknown Blueprint,9
1462,Structure Blueprints,9
1465,Mission Generic Supercarrier,11
1527,Logistics Frigate,6
1529,Deadspace Sleeper Upgraded Avenger,11
1530,Drifter Response Battleship,11
1533,Micro Jump Field Generators,7
1534,Command Destroyer,6
1535,Structure Signal Amplifier,66
1537,Support Fighter,87
1538,Force Auxiliary,6
1542,Command Destroyer Blueprint,9
1543,Micro Jump Field Generator Blueprint,9
1545,Structure Management,16
1546,Structure Anti-Capital Missile,8
1547,Structure Anti-Subcapital Missile,8
1548,Guided Bomb,8
1549,Structure ECM script,8
1550,Structure Stasis Webifier Script,8
1551,Structure Warp Disruptor Script,8
1559,Structure Resistance Switcher Script,8
1562,Structure Multirole Missile Launcher,66
1566,Irregular Shuttle,11
1567,Irregular Corvette,11
1568,Irregular Frigate,11
1569,Guidance Disruption Script,8
1570,Structure Assembly Rig M - Small Tech I Ship,66
1579,Structure Assembly Rig M - Medium Tech I Ship,66
1580,Structure Assembly Rig M - Large Tech I Ship,66
1581,Structure Assembly Rig M - Small Tech II Ship,66
1582,Structure Assembly Rig M - Medium Tech II Ship,66
1583,Structure Assembly Rig M - Large Tech II Ship,66
1584,Structure Assembly Rig M - Drone,66
1585,Structure Assembly Rig M - Consumable,66
1586,Structure Assembly Rig M - Module,66
1587,"Structure Assembly Rig L - Module, Consumable, Drone",66
1588,Structure Assembly Rig L - Tech I Ship,66
1589,Structure Assembly Rig L - Tech II Ship,66
1590,Structure Assembly Rig L - Tech II Component,66
1591,Structure Assembly Rig L - Tech I Capital Component,66
1592,Structure Assembly Rig L - Structure Component,66
1593,Structure Assembly Rig L - Subsystem,66
1594,Structure Assembly Rig XL - Equipment,66
1595,Structure Assembly Rig XL - Ship,66
1596,Structure Assembly Rig XL - All Components,66
1598,Structure Laboratory Rig M - Small Ship,66
1599,Structure Laboratory Rig M - Medium Ship,66
1600,Structure Laboratory Rig M - Large Ship,66
1601,Structure Laboratory Rig M - Drone,66
1602,Structure Laboratory Rig M - Consumable,66
1603,Structure Laboratory Rig M - Module,66
1604,"Structure Laboratory Rig L - Module, Consumable, Drone",66
1605,Structure Laboratory Rig L - Ship,66
1606,Structure Laboratory Rig L - Component,66
1607,Structure Laboratory Rig L - Capital Component,66
1608,Structure Laboratory Rig L - Structure Component,66
1609,Structure Laboratory Rig L - Subsystem,66
1610,Structure Laboratory Rig XL - Equipment,66
1611,Structure Laboratory Rig XL - Ship,66
1612,Structure Laboratory Rig XL - All Components,66
1613,Structure Combat Rig M - Missile Application,66
1614,Structure Combat Rig M - Missile Projection,66
1615,Structure Combat Rig M - Energy Neutralizer Projection,66
1616,Structure Combat Rig M - Energy Neutralizer Cap Reduction,66
1617,Structure Citadel Rig M - Drone Hitpoints,66
1618,Structure Citadel Rig M - Drone Speed,66
1619,Structure Combat Rig M - EW projection,66
1620,Structure Combat Rig M - EW Cap Reduction,66
1621,Structure Combat Rig M - Max Targets,66
1622,Structure Combat Rig M - Boosted Sensors,66
1629,Structure Combat Rig L - Missile Application and Projection,66
1630,Structure Combat Rig L - Energy Neutralizer Projection and Cap Reduction,66
1631,Structure Citadel Rig L - Drone Hitpoints and Speed,66
1632,Structure Combat Rig L - EW Projection and Cap Reduction,66
1633,Structure Combat Rig L - AoE Launcher Application and Projection,66
1634,Structure Combat Rig L - Point Defense Battery Application and Projection,66
1635,Structure Combat Rig L - Max Targets and Sensor Boosting,66
1639,Structure Combat Rig XL - Missile and AoE Missile,66
1640,Structure Citadel Rig XL - Drone and PDB,66
1641,Structure Combat Rig XL - Energy Neutralizer and EW,66
1642,Structure Combat Rig XL - Doomsday and Targeting,66
1647,OLD Structure Resource Rig M - HS Ore Reprocessing,66
1648,OLD Structure Resource Rig L - Ore Reprocessing,66
1649,OLD Structure Resource Rig XL - Reprocessing,66
1652,Light Fighter,87
1653,Heavy Fighter,87
1657,Citadel,65
1664,Irregular Destroyer,11
1665,Irregular Cruiser,11
1666,Irregular Battlecruiser,11
1667,Irregular Battleship,11
1670,Augmentations,30
1672,Stasis Grappler,7
1673,Missile Launcher Rapid Torpedo,7
1674,Missile Launcher XL Cruise,7
1676,Named Components,4
1677,Advanced XL Torpedo,8
1678,Advanced XL Cruise Missile,8
1679,Support Fighter Blueprint,9
1681,Asteroid Angel Cartel Dreadnought,11
1682,Asteroid Angel Cartel Titan,11
1683,Asteroid Blood Raider Dreadnought,11
1684,Asteroid Blood Raider Titan,11
1685,Asteroid Guristas Dreadnought,11
1686,Asteroid Guristas Titan,11
1687,Asteroid Sansha's Nation Dreadnought,11
1688,Asteroid Sansha's Nation Supercarrier,11
1689,Asteroid Serpentis Dreadnought,11
1690,Asteroid Serpentis Titan,11
1691,Asteroid Rogue Drone Carrier,11
1692,Asteroid Rogue Drone Supercarrier,11
1693,OLD Structure Resource Rig M - LNS Ore Reprocessing,66
1694,OLD Structure Resource Rig M - Ice 1 Reprocessing,66
1695,OLD Structure Resource Rig M - Ice 2 Reprocessing,66
1696,OLD Structure Resource Rig L - Ice Reprocessing,66
1697,Ancillary Remote Shield Booster,7
1698,Ancillary Remote Armor Repairer,7
1699,Flex Armor Hardener,7
1700,Flex Shield Hardener,7
1701,Flex Armor Hardener Script,8
1702,Flex Shield Hardener Script,8
1703,Burst Projector Blueprint,9
1704,Super Weapon Beacon,2
1706,Capital Sensor Array,7
1707,Structure Module Blueprint,9
1708,Structure Rig Blueprint,9
1709,Unpublished Structure Module and Rig Blueprints,9
1717,Unpublished Structure Modules,66
1718,Force Auxiliary Blueprint,9
1719,Structure Disruption Battery,66
1720,Roaming Serpentis Battleship,11
1721,Roaming Serpentis Cruiser,11
1722,Roaming Serpentis Frigate,11
1723,Shield Resistance Shift Hardener Blueprint,9
1724,Irregular Dreadnought,11
1725,Irregular Force Auxiliary,11
1726,Irregular Carrier,11
1727,Roaming Angel Cartel Battleship,11
1728,Roaming Angel Cartel Cruiser,11
1729,Roaming Angel Cartel Frigate,11
1730,Special Edition Implant,20
1731,Irregular Super Carrier,11
1734,Roaming Blood Raider Frigate,11
1735,Roaming Blood Raider Cruiser,11
1736,Roaming Blood Raider Battlecruiser,11
1737,Roaming Blood Raider Battleship,11
1739,Skill Injectors,5
1759,Irregular Titan,11
1761,Irregular Mining Frigate,11
1762,Irregular Mining Barge,11
1764,♦ Mining Frigate,11
1765,♦ Mining Barge,11
1766,♦ Mining Exhumer,11
1767,♦ Mining Hauler,11
1768,Seeker Scouts,11
1769,Shield Command Burst Charges,8
1770,Command Burst,7
1771,Mining Foreman Burst Charges,8
1772,Skirmish Command Burst Charges,8
1773,Information Command Burst Charges,8
1774,Armor Command Burst Charges,8
1788,Hidden Zenith Drifters,11
1789,Hidden Zenith Amarr Battleship,11
1790,Hidden Zenith Amarr Cruiser,11
1791,Hidden Zenith Amarr Frigate,11
1792,Hidden Zenith Caldari Battleship,11
1793,Hidden Zenith Caldari Cruiser,11
1794,Hidden Zenith Caldari Frigate,11
1795,Hidden Zenith Gallente Battleship,11
1796,Hidden Zenith Gallente Cruiser,11
1797,Hidden Zenith Gallente Frigate,11
1798,Hidden Zenith Minmatar Battleship,11
1799,Hidden Zenith Minmatar Cruiser,11
1800,Hidden Zenith Minmatar Frigate,11
1803,♦ Frigate,11
1804,Hidden Zenith Amarr Capital,11
1805,Hidden Zenith Caldari Capital,11
1806,Hidden Zenith Gallente Capital,11
1807,Hidden Zenith Minmatar Capital,11
1810,Command Burst Charge Blueprint,9
1812,Command Burst Blueprint,9
1813,♦ Cruiser,11
1814,♦ Battleship,11
1815,Titan Phenomena Generator,7
1816,Structure Engineering Rig M - Equipment ME,66
1818,Strong Boxes,17
1819,Structure Engineering Rig M - Equipment TE,66
1820,Structure Engineering Rig M - Ammunition ME,66
1821,Structure Engineering Rig M - Ammunition TE,66
1822,Structure Engineering Rig M - Drone and Fighter ME,66
1823,Structure Engineering Rig M - Drone and Fighter TE,66
1824,Structure Engineering Rig M - Basic Small Ship ME,66
1825,Structure Engineering Rig M - Basic Small Ship TE,66
1826,Structure Engineering Rig M - Basic Medium Ship ME,66
1827,Structure Engineering Rig M - Basic Medium Ship TE,66
1828,Structure Engineering Rig M - Basic Large Ship ME,66
1829,Structure Engineering Rig M - Basic Large Ship TE,66
1830,Structure Engineering Rig M - Advanced Small Ship ME,66
1831,Structure Engineering Rig M - Advanced Small Ship TE,66
1832,Structure Engineering Rig M - Advanced Medium Ship ME,66
1833,Structure Engineering Rig M - Advanced Medium Ship TE,66
1834,Structure Engineering Rig M - Advanced Large Ship ME,66
1835,Structure Engineering Rig M - Advanced Large Ship TE,66
1836,Structure Engineering Rig M - Advanced Component ME,66
1837,Structure Engineering Rig M - Advanced Component TE,66
1838,Structure Engineering Rig M - Basic Capital Component TE,66
1839,Structure Engineering Rig M - Basic Capital Component ME,66
1840,Structure Engineering Rig M - Structure ME,66
1841,Structure Engineering Rig M - Structure TE,66
1842,Structure Engineering Rig M - Invention Cost Optimization,66
1843,Structure Engineering Rig M - Invention Accelerator,66
1844,Structure Engineering Rig M - ME Research Cost Optimization,66
1845,Structure Engineering Rig M - ME Research Accelerator,66
1846,Structure Engineering Rig M - TE Research Cost Optimization,66
1847,Structure Engineering Rig M - TE Research Accelerator,66
1848,Structure Engineering Rig M - Blueprint Copy Cost Optimization,66
1849,Structure Engineering Rig M - Blueprint Copy Accelerator,66
1850,Structure Engineering Rig L - Equipment Efficiency,66
1851,Structure Engineering Rig L - Ammunition Efficiency,66
1852,Structure Engineering Rig L - Drone and Fighter Efficiency,66
1853,Structure Engineering Rig L - Basic Small Ship Efficiency,66
1854,Structure Engineering Rig L - Basic Medium Ship Efficiency,66
1855,Structure Engineering Rig L - Basic Large Ship Efficiency,66
1856,Structure Engineering Rig L - Advanced Small Ship Efficiency,66
1857,Structure Engineering Rig L - Advanced Medium Ship Efficiency,66
1858,Structure Engineering Rig L - Advanced Large Ship Efficiency,66
1859,Structure Engineering Rig L - Capital Ship Efficiency,66
1860,Structure Engineering Rig L - Advanced Component Efficiency,66
1861,Structure Engineering Rig L - Basic Capital Component Efficiency,66
1862,Structure Engineering Rig L - Structure Efficiency,66
1863,Structure Engineering Rig L - Invention Optimization,66
1864,Structure Engineering Rig L - ME Research Optimization,66
1865,Structure Engineering Rig L - TE Research Optimization,66
1866,Structure Engineering Rig L - Blueprint Copy Optimization,66
1867,Structure Engineering Rig XL - Equipment and Consumable Efficiency,66
1868,Structure Engineering Rig XL - Ship Efficiency,66
1869,Structure Engineering Rig XL - Structure and Component Efficiency,66
1870,Structure Engineering Rig XL - Laboratory Optimization,66
1872,Structure Entities,11
1875,PLEX,5
1876,♦ Engineering Complex,65
1878,♦ Titan,11
1879,♦ Force Auxiliary,11
1880,♦ Dreadnought,11
1882,MassiveEnvironments,2
1884,Ubiquitous Moon Asteroids,25
1886,Technical Data Chips,17
1887,Structure Moon Drilling Service Module,66
1888,Composite Reaction Formulas,9
1889,Polymer Reaction Formulas,9
1890,Biochemical Reaction Formulas,9
1891,Depricated Subsystem Blueprints,9
1894,Non-Repeating Hardeners,7
1895,Irregular Industrial,11
1896,♦ Industrial Command,11
1909,♦ Battlecruiser,11
1911,Empire Asteroids,25
1912,Structure Drilling Rig M - Efficiency,66
1913,Structure Drilling Rig M - Stability,66
1914,Structure Drilling Rig L - Proficiency,66
1915,Moon Mining Beacon,2
1920,Common Moon Asteroids,25
1921,Uncommon Moon Asteroids,25
1922,Rare Moon Asteroids,25
1923,Exceptional Moon Asteroids,25
1924,♦ Stronghold,65
1925,Irregular Industrial Command Ship,11
1926,Irregular Freighter,11
1927,Irregular Structure,11
1928,Irregular Container,11
1929,Irregular - Unidentified,11
1933,Structure Composite Reactor Rig M - TE,66
1934,Structure Composite Reactor Rig M - ME,66
1935,Structure Hybrid Reactor Rig M - TE,66
1936,Structure Hybrid Reactor Rig M - ME,66
1937,Structure Biochemical Reactor Rig M - TE,66
1938,Structure Biochemical Reactor Rig M - ME,66
1939,Structure Reactor Rig L - Efficiency,66
1940,Moon Chunk,2
1941,Structure Resource Rig M - Asteroid Ore Reprocessing,66
1942,Structure Resource Rig M - Ice Reprocessing,66
1943,Structure Resource Rig M - Moon Ore Reprocessing,66
1944,Structure Resource Rig L - Reprocessing,66
1945,Structure Resource Rig XL - Reprocessing,66
1948,Cyber Scanning Implant Blueprints,9
1950,Permanent SKIN,91
1951,Volatile SKIN,91
1952,7-Day SKIN,91
1953,30-Day SKIN,91
1954,90-Day SKIN,91
1955,1-Year SKIN,91
1956,Drifter Reinforcements,11
1962,Structure QA Modules,66
1964,Mutaplasmids,17
1966,Structure Capacitor Battery,66
1967,Structure Capacitor Power Relay,66
1968,Structure Armor Reinforcer,66
1969,Abyssal Modules,7
1971,Abyssal Hazards,2
1972,Flag Cruiser,6
1973,Locators,2
1974,Structure Festival Launcher,66
1975,Non-Interactable Object,2
1976,Structure Festival Charges,8
1977,Trinary Data Vaults,17
1978,Industrial Support Facility,2
1979,Abyssal Filaments,17
1980,Non-Scalable Clouds,2
1981,Triglavian Support Pylons,2
1982,Abyssal Spaceship Entities,11
1983,Abyssal Environment,2
1984,Outpost Conversion Rigs,66
1986,Precursor Weapon,7
1987,Exotic Plasma Charge,8
1988,Entropic Radiation Sink,7
1989,Advanced Exotic Plasma Charge,8
1990,Precursor Weapon Blueprint,9
1991,Filament Trace,2
1992,Entropic Radiation Sink Blueprint,9
1993,Exotic Plasma Charge Blueprint,9
1994,Advanced Exotic Plasma Charge Blueprint,9
1995,Triglavian Data,17
1996,Abyssal Materials,4
1997,Abyssal Drone Entities,11
1998,Station Conversion Monuments,2
2001,Citizen Ships,6
2002,Triglavian Datastreams,17
2003,Citizen Modules,7
2004,Citizen Mining Laser,7
2005,Deployable Advertisement,22
2006,Deadspace Asteroids,25
2008,Mass Entanglers,7
2009,Precursor Cache,11
2010,Mass Entangler Blueprints,9
2013,Stasis Nullifiers,7
2015,Upwell Monument,65
2016,Upwell Cyno Jammer,65
2017,Upwell Cyno Beacon,65
2018,Mutadaptive Remote Armor Repairer,7
2019,Mutadaptive Remote Armor Repairer Blueprint,9
2020,Cynosural Fields,2
2022,Temporal Resources,25
2023,Cyber Electronics Implant Blueprints,9
2024,Fluorite,25
2026,Triglavian Artifacts,17
4028,Triglavian Entities,11
4029,Talassonite,25
4030,Rakovene,25
4031,Bezdnacine,25
4033,Destructible Effect Beacon,2
4034,EDENCOM Entities,11
4035,Drifter Entities,11
4036,Sleeper Entities,11
4037,Rogue Drone Entities,11
4040,180-Day SKIN,91
4041,Jump Filaments,17
4050,Abyssal Proving Filaments,17
4052,Jump Filament Blueprint,9
4053,Irregular Capsule,11
4055,Invisible Beacon,2
4057,Masks,30
4060,Vorton Projector,7
4061,Advanced Condenser Pack,8
4062,Condenser Pack,8
4064,Vorton Projector Blueprint,9
4065,Condenser Pack Blueprint,9
4066,Advanced Condenser Pack Blueprint,9
4067,Vorton Projector Upgrade,7
4069,Vorton Projector Upgrade Blueprints,9
4070,Exotic Artefact,2
4071,Type Graveyard,29
4072,Expired Jump Filaments,17
4073,Temporary Collidable Structure,11
4079,Encounter Surveillance System,2
4081,Disrupted Gate,2
4086,Quantum Cores,66
4087,Triglavian Space Filaments,17
4088,Interdiction Burst Probes,8
4090,QA Expert Systems,2100
4091,Standard Expert Systems,2100
4093,Mobile Cynosural Beacon,22
4094,Scalable Decorative Asteroid,25
4095,Mobile Cynosural Beacon Blueprint,9
4096,Molecular-Forged Materials,4
4097,Molecular-Forged Reaction Formulas,9
4098,Promotional Expert Systems,2100
4100,Logo Display Monument,2
4102,ESS Reserve Bank Keys,17
4105,Unidentified Entities,11
4106,AIR Entities I,11
4107,Mobile Observatory,22
4108,Mobile Observatory Blueprint,9
4117,Interdiction Nullifier,7
4118,Interdiction Nullifier Blueprint,9
4127,Covert Jump Portal Generator,7
4128,AIR Entities II,11
4130,Unidentified Entities II,11
4137,Mobile Analysis Beacon,22
4138,Gas Cloud Harvesters,7
4139,Gas Harvester Blueprint,9
4141,Mobile Analysis Beacon Blueprint,9
4142,Rogue Drone Analysis Data,17
4145,Warp Matrix Filaments,17
4161,AIR Ore Asteroid Resources,25
4165,Peculiar Materials,17
4168,Compressed Gas,2
4174,Compressors,7
4175,Compressors Blueprints,9
4184,Industrial Jump Portal Generator,7
4186,Structure Area Denial Ammunition,8
4188,Structure Area Denial Ammo Blueprint,9
4430,Asteroid Belt,2
4431,FW Amarr Empire Battleship,11
4432,FW Caldari State Battleship,11
4433,FW Gallente Federation Battleship,11
4434,FW Minmatar Republic Battleship,11
4471,Ship Personalization,2118
4477,FW Propaganda Broadcast Structure,22
4493,Mobile Objective Blueprint,9
4494,Control Point,11
4499,FW Listening Outpost,22
4501,Mission Generic Capsules,11
4513,Mordunium,25
4514,Ytirium,25
4515,Eifyrium,25
4516,Ducinium,25
4547,Interstellar Shipcaster Beacon,2
4548,Shipcaster Beacon Constructor,2
4549,Interstellar Shipcaster,2
4568,Mutanite,25
4569,Homefront Operations Enemy Frigate,11
4570,Homefront Operations Enemy Destroyer,11
4571,Homefront Operations Enemy Cruiser,11
4572,Homefront Operations Allied Dreadnought,11
4573,Homefront Operations Enemy Battlecruiser,11
4574,Homefront Operations Enemy Battleship,11
4575,Homefront Operations Commodity,17
4576,Homefront Operations Structure,11
4577,Homefront Operations Enemy Hauler,11
4579,Scalable Non-Interactable Object,2
4594,Lancer Dreadnought,6
4599,Warp Vector Data,17
4603,FOB services,66
4636,Pirate Entities,11
4637,Insurgency Roaming Pirates,11
4638,Insurgency Roaming Enforcers,11
4644,Pirate Forward Operating Base,65
4647,Insurgency Pirate Frigate,11
4648,Insurgency Pirate Destroyer,11
4649,Insurgency Pirate Cruiser,11
4650,Insurgency Pirate Battlecruiser,11
4651,Insurgency Pirate Battleship,11
4652,Insurgency Mordu Frigate,11
4653,Insurgency Mordu Destroyer,11
4654,Insurgency Mordu Cruiser,11
4655,Insurgency Mordu Battlecruiser,11
4656,Insurgency Mordu Battleship,11
4673,Insurgency Mining Ship,11
350858,Infantry Weapons,350001
351064,Infantry Dropsuits,350001
351121,Infantry Modules,350001
351210,Infantry Vehicles,350001
351648,Infantry Skills,350001
351844,Infantry Equipment,350001
354641,Infantry Skill Enhancers,350001
354753,Infantry Installations,350001
364204,Surface Infrastructure,350001
367487,Services,350001
367580,Agents,350001
367594,Visual Customization,350001
367774,Salvage Containers,350001
367776,Salvage Decryptors,350001
368656,Battle Salvage,350001
368666,Warbarge,350001
368726,Infantry Color Skin,350001
