id,name
2,Blueprints & Reactions
4,Ships
5,Standard Frigates
6,Standard Cruisers
7,Standard Battleships
8,Standard Haulers
9,Ship Equipment
10,Turrets & Launchers
11,Ammunition & Charges
14,Hull & Armor
19,Trade Goods
20,Industrial Goods
22,Radioactive Goods
23,Passengers
24,Implants & Boosters
27,Implants
52,Propulsion
54,Standard Ores
61,Caldari
64,Minmatar
65,Advanced Components
72,Amarr
73,Minmatar
74,Amarr
75,Caldari
76,Gallente
77,Gallente
78,Minmatar
79,Amarr
80,Caldari
81,Gallente
82,Minmatar
83,Gallente
84,Caldari
85,Amarr
86,Hybrid Turrets
87,Projectile Turrets
88,Energy Turrets
99,Projectile Ammo
100,Hybrid Charges
101,Frequency Crystals
102,Small
103,Medium
105,Large
106,Large
107,Small
108,Medium
109,Large
112,Medium
113,Small
114,Missiles
115,Auto-Targeting
116,Defender
117,Light Missiles
118,Rockets
120,Probes
126,Shield Rechargers
128,Remote Shield Boosters
131,Microwarpdrives
132,Propulsion Upgrades
133,Armor Plates
134,Armor Repairers
135,Hull Upgrades
139,Cap Booster Charges
140,Missile Launchers
141,Smartbombs
143,Weapon Upgrades
150,Skills
157,Drones
158,Mining Drones
159,Combat Drones
204,Ships
205,Frigates
206,Cruisers
207,Battleships
208,Haulers
209,Ship Equipment
210,Turrets & Bays
211,Ammunition & Charges
214,Hull & Armor
252,Propulsion
261,Caldari
264,Minmatar
272,Amarr
273,Minmatar
274,Amarr
275,Caldari
276,Gallente
277,Gallente
278,Minmatar
279,Amarr
280,Caldari
281,Gallente
282,Minmatar
283,Gallente
284,Caldari
285,Amarr
286,Hybrid Turrets
287,Projectile Turrets
288,Energy Turrets
289,Large
290,Medium
291,Small
292,Small
293,Medium
295,Large
296,Small
297,Medium
298,Large
299,Projectile Ammo
300,Hybrid Charges
301,Frequency Crystals
302,Small
303,Medium
305,Large
306,Large
307,Small
308,Medium
309,Large
312,Medium
313,Small
314,Missiles
315,Auto-Targeting
316,Defender
318,Rockets
320,Scan Probes
325,Scanners
331,Microwarpdrives
332,Propulsion Upgrades
335,Hull Upgrades
338,Mining Lasers
339,Cap Booster Charges
340,Missile Launchers
341,Smartbombs
343,Weapon Upgrades
357,Drones
358,Mining Drones
359,Heavy Attack Drones
364,Gunnery
365,Corporation Management
366,Drones
367,Electronic Systems
368,Engineering
369,Production
370,Fleet Support
372,Rigging
373,Missiles
374,Navigation
375,Science
376,Social
377,Spaceship Command
378,Trade
379,Cargo Containers
380,Micro
381,Large
382,Small
383,Medium
387,Torpedoes
390,Torpedoes
391,Shuttles
393,Amarr
394,Minmatar
395,Gallente
396,Caldari
399,Interceptors
400,Amarr
401,Caldari
402,Gallente
403,Minmatar
404,Deployable Structures
405,Warp Disruption Fields
406,Deployable Structures
407,Warp Disruption Fields
408,Interceptors
410,Amarr
411,Caldari
412,Gallente
413,Minmatar
414,Shuttles
415,Amarr
416,Caldari
417,Gallente
418,Minmatar
419,Covert Ops
420,Covert Ops
421,Amarr
422,Caldari
423,Gallente
424,Minmatar
425,Amarr
427,Caldari
428,Gallente
429,Minmatar
430,Cloaking Devices
432,Assault Frigates
433,Amarr
434,Caldari
435,Gallente
436,Minmatar
437,Logistics
438,Amarr
439,Caldari
440,Gallente
441,Minmatar
442,Logistics
443,Amarr
444,Caldari
445,Gallente
446,Minmatar
448,Heavy Assault Cruisers
449,Amarr
450,Caldari
451,Gallente
452,Minmatar
453,Heavy Assault Cruisers
454,Amarr
455,Caldari
456,Gallente
457,Minmatar
458,Assault Frigates
459,Amarr
461,Caldari
462,Gallente
463,Minmatar
464,Standard Destroyers
465,Amarr
466,Caldari
467,Gallente
468,Minmatar
469,Standard Battlecruisers
470,Amarr
471,Caldari
472,Gallente
473,Minmatar
475,Manufacture & Research
477,Structures
478,Control Towers
479,Missile Batteries
480,Weapon Batteries
481,Electronic Warfare Batteries
482,Reprocessing Arrays
483,Silos
484,Ship Maintenance Arrays
485,Shield Hardening Arrays
488,Moon Harvesting Arrays
490,Reactors
491,Narcotics
492,Consumer Products
494,Mining Barges
496,Mining Barges
497,ORE
499,Advanced Moon Materials
500,Processed Moon Materials
501,Raw Moon Materials
502,Extra Large
503,Extra Large
504,Extra Large
505,XL Torpedoes
506,Corporate Hangar Array
512,Arkonor
514,Bistot
515,Pyroxeres
516,Plagioclase
517,Spodumain
518,Veldspar
519,Scordite
521,Crokite
522,Dark Ochre
523,Kernite
525,Gneiss
526,Omber
527,Hedbergite
528,Hemorphite
529,Jaspet
530,Mercoxit
531,Skill Hardwiring
532,Attribute Enhancers
533,Materials
535,Armor Hardeners
537,Remote Armor Repairers
538,Hull Repairers
540,Armor Resistance Coatings
541,Energized Armor Resistance Membranes
542,Afterburners
550,Shield Resistance Amplifiers
551,Shield Extenders
552,Shield Boosters
553,Shield Hardeners
554,Shield
555,Railguns
556,Blasters
557,Beam Lasers
558,Pulse Lasers
559,Autocannons
560,Artillery Cannons
561,Small
562,Medium
563,Large
564,Small
565,Medium
566,Large
567,Small
568,Medium
569,Large
570,Small
572,Medium
573,Large
574,Small
575,Medium
576,Large
577,Small
578,Medium
579,Large
580,Cruise Missiles
581,Heavy Missiles
582,Destroyers
583,Amarr
584,Caldari
585,Gallente
586,Minmatar
588,Battlecruisers
589,Amarr
590,Caldari
591,Gallente
592,Minmatar
593,Mining Crystals
594,Projectile Batteries
595,Hybrid Batteries
596,Laser Batteries
597,Extra Large
598,Extra Large
599,Extra Large
600,Capital
601,Large
602,Medium
603,Small
604,Micro
605,Small
606,Medium
608,Large
609,Small
610,Medium
611,Large
612,Extra Large
613,Boost Amplifiers
614,Criminal Evidence
615,Damage Controls
616,Insignias
617,XL Torpedoes
618,Implant Slot 01
619,Implant Slot 02
620,Implant Slot 03
621,Implant Slot 04
622,Implant Slot 05
629,Transport Ships
630,Amarr
631,Caldari
632,Gallente
633,Minmatar
634,Transport Ships
635,Amarr
636,Caldari
637,Gallente
638,Minmatar
639,Rocket Launchers
640,Light Missile Launchers
641,Rapid Light Missile Launchers
642,Heavy Launchers
643,Cruise Launchers
644,Torpedo Launchers
645,Ballistic Control Systems
646,Gyrostabilizers
647,Heat Sinks
648,Magnetic Field Stabilizers
655,Engineering Equipment
656,Electronics and Sensor Upgrades
657,Electronic Warfare
658,Power Diagnostic Systems
659,Reactor Control Units
660,Auxiliary Power Controls
661,Energy Neutralizers
662,Energy Nosferatu
663,Remote Capacitor Transmitters
664,Capacitor Batteries
665,Capacitor Rechargers
666,Capacitor Flux Coils
667,Capacitor Power Relays
668,Capacitor Boosters
669,Signal Amplifiers
670,Automated Targeting Systems
671,Sensor Boosters
672,Passive Targeting Systems
673,Remote Sensor Boosters
675,Cloaking Devices
676,CPU Upgrades
677,Electronic Counter Measures
678,ECM Bursts
679,Remote Sensor Dampeners
680,Weapon Disruptors
681,Sensor Backup Arrays
683,Stasis Webifiers
685,ECCM
686,Projected ECCM
687,Shield Flux Coils
688,Shield Power Relays
689,Small
690,Medium
691,Heavy
692,Small
693,Medium
694,Heavy
695,Small
696,Medium
697,Large
698,Micro
699,Small
700,Medium
701,Heavy
702,Micro
703,Small
704,Medium
705,Large
706,Tracking Computers
707,Tracking Enhancers
708,Remote Tracking Computers
711,Cargo Scanners
712,Scan Probe Launchers
713,Ship Scanners
714,Survey Scanners
715,Magnetometric Jammers
716,Ladar Jammers
717,Gravimetric Jammers
718,Radar Jammers
719,Multi Spectrum Jammers
720,Gravimetric Backup Arrays
721,Ladar Backup Arrays
722,Radar Backup Arrays
723,Magnetometric Backup Arrays
724,Multi-Frequency Backup Arrays
725,Gravimetric Sensors
726,Ladar Sensors
727,Magnetometric Sensors
728,Multi-Spectrum Sensors
729,Radar Sensors
730,Amarr Navy
731,Ammatar Navy
732,Caldari Navy
733,CONCORD
734,Gallente Navy
735,Khanid Navy
736,Minmatar Fleet
737,Individuals
738,Nexus Chips
739,Criminal Dog Tags
740,Angels
741,Blood Raiders
742,Dark Blood
743,Domination
744,Dread Guristas
745,Guristas
746,Sansha
747,Serpentis
748,Shadow Serpentis
749,True Sansha
750,Commanders
751,Overseer's Personal Effects
752,Criminal DNA Patterns
753,Mining Crystals
754,Political Paraphernalia
757,Target Painters
761,Dreadnoughts
762,Amarr
763,Caldari
764,Gallente
765,Minmatar
766,Freighters
767,Amarr
768,Caldari
769,Gallente
770,Minmatar
771,Extra Large
772,Extra Large
773,Extra Large
774,Extra Large
775,Extra Large
776,Extra Large
777,XL Launchers
778,Capital
779,Fleet Assistance Modules
781,Standard Capital Ship Components
782,Dreadnoughts
783,Amarr
784,Caldari
785,Gallente
786,Minmatar
787,Freighters
788,Amarr
789,Caldari
790,Gallente
791,Minmatar
792,Extra Large
793,Extra Large
794,Extra Large
796,Standard Capital Ship Components
798,Outpost Components
799,Fleet Assistance Modules
800,Components
801,Siege Modules
802,Amarr
803,Caldari
812,Titans
813,Amarr
814,Caldari
815,Gallente
816,Minmatar
817,Carriers
818,Amarr
819,Caldari
820,Gallente
821,Minmatar
822,Command Ships
823,Interdictors
824,Recon Ships
825,Amarr
826,Amarr
827,Amarr
828,Caldari
829,Caldari
830,Caldari
831,Gallente
832,Gallente
833,Gallente
834,Minmatar
835,Minmatar
836,Minmatar
837,Light Scout Drones
838,Medium Scout Drones
839,Heavy Attack Drones
840,Light Fighters
841,Electronic Warfare Drones
842,Logistic Drones
843,Combat Utility Drones
845,Standard Ammo
846,Advanced Artillery Ammo
847,Advanced Autocannon Ammo
848,Standard Charges
849,Advanced Blaster Charges
850,Advanced Railgun Charges
851,Standard Crystals
852,Advanced Beam Laser Crystals
853,Advanced Pulse Laser Crystals
854,Large
855,Medium
856,Small
857,Large
858,Medium
859,Small
860,Large
861,Medium
862,Small
863,Large
864,Medium
865,Small
866,Large
867,Medium
868,Small
869,Large
870,Medium
871,Small
872,Tractor Beams
874,Exhumers
878,Titans
879,Carriers
880,Interdictors
881,Command Ships
882,Recon Ships
883,Exhumers
884,Amarr
885,Caldari
886,Gallente
887,Minmatar
888,Amarr
889,Caldari
890,Gallente
891,Minmatar
892,Amarr
893,Caldari
894,Gallente
895,Minmatar
896,Amarr
897,Caldari
898,Gallente
899,Minmatar
900,Amarr
901,Caldari
902,Gallente
903,Minmatar
904,ORE
905,Tractor Beams
910,Capital
911,Sentry Drones
912,Superweapons
913,Superweapons
914,Standard Auto-Targeting
917,Advanced High Precision Light Missiles
918,Advanced High Precision Cruise Missiles
919,Advanced High Precision Heavy Missiles
920,Standard Light Missiles
921,Standard Cruise Missiles
922,Standard Rockets
923,Standard Torpedoes
924,Standard Heavy Missiles
925,Advanced High Damage Cruise Missiles
926,Advanced High Damage Heavy Missiles
927,Advanced High Damage Light Missiles
928,Advanced Long Range Rockets
929,Advanced Long Range Torpedoes
930,Advanced Anti-Ship Rockets
931,Advanced Anti-Ship Torpedoes
932,Assembly Arrays
933,Laboratory
935,Mining Upgrades
937,Mining Upgrades
938,Drone Upgrades
939,Drone Upgrades
940,Starbase Charters
943,Ship Modifications
944,Armor Rigs
945,Astronautic Rigs
946,Drone Rigs
948,Electronics Superiority Rigs
949,Engineering Rigs
950,Energy Weapon Rigs
951,Hybrid Weapon Rigs
952,Missile Launcher Rigs
953,Projectile Weapon Rigs
954,Shield Rigs
955,Ship and Module Modifications
956,Armor Rigs
957,Astronautic Rigs
958,Drone Rigs
960,Electronics Superiority Rigs
961,Engineering Rigs
962,Energy Weapon Rigs
963,Hybrid Weapon Rigs
964,Missile Launcher Rigs
965,Shield Rigs
967,Signal Distortion Amplifier
968,Heavy Assault Missiles
971,Standard Heavy Assault Missiles
972,Advanced Long Range Heavy Assault Missiles
973,Advanced Anti-Ship Heavy Assault Missile
974,Heavy Assault Launchers
975,Heavy Assault Missiles
977,Booster
979,Projectile Weapon Rigs
983,Booster Gas Clouds
986,Faction Ammo
987,Large
988,Medium
989,Small
990,Faction Charges
991,Large
992,Medium
993,Small
994,Faction Crystals
995,Large
996,Medium
997,Small
998,Faction Light Missiles
999,Faction Rockets
1000,Faction Torpedoes
1001,Faction Cruise Missiles
1002,Faction Heavy Missiles
1003,Faction Heavy Assault Missiles
1004,Extra Large
1006,Extra Large
1007,Extra Large
1008,Cargo Containers
1009,Energy Neutralization Batteries
1010,System Scanning Array
1011,Jump Bridge
1012,Cynosural System Jammer
1013,Cynosural Generator Array
1014,Bomb Launchers
1015,Bombs
1016,Bombs
1018,Remote Hull Repairers
1019,Bomb Launchers
1021,Outpost Components
1022,Improvement Platforms
1027,Outpost Upgrade Platforms
1028,Light Fighters
1029,Electronic Warfare Drones
1030,Logistic Drones
1031,Raw Materials
1032,Gas Clouds Materials
1033,Ice Products
1034,Reaction Materials
1035,Components
1037,Gas Cloud Scoops
1038,Ice Harvesters
1039,Mining Lasers
1040,Strip Miners
1041,Manufacture & Research
1045,Capital Industrial Ships
1046,ORE
1047,Capital Industrial Ships
1048,ORE
1049,Small
1050,Medium
1051,Large
1052,Capital
1053,Small
1054,Medium
1055,Large
1056,Capital
1057,Large
1058,Medium
1059,Small
1060,Small
1061,Medium
1062,Large
1063,Capital
1065,Electronic Attack Frigates
1066,Amarr
1067,Caldari
1068,Gallente
1069,Minmatar
1070,Heavy Interdiction Cruisers
1071,Amarr
1072,Caldari
1073,Gallente
1074,Minmatar
1075,Black Ops
1076,Amarr
1077,Caldari
1078,Gallente
1079,Minmatar
1080,Marauders
1081,Amarr
1082,Caldari
1083,Gallente
1084,Minmatar
1085,Warp Disruption Field Generators
1086,Inertial Stabilizers
1087,Overdrives
1088,Warp Core Stabilizers
1089,Jump Freighters
1090,Amarr
1091,Caldari
1092,Gallente
1093,Minmatar
1094,Scripts
1097,Advanced Capital Ship Components
1103,Nanite Repair Paste
1105,Scripts
1109,Sleeper Components
1110,Scanning
1111,Rigs
1112,Subsystems
1122,Amarr Core Subsystems
1123,Caldari Core Subsystems
1124,Gallente Core Subsystems
1125,Minmatar Core Subsystems
1126,Amarr Defensive Subsystems
1127,Caldari Defensive Subsystems
1128,Minmatar Defensive Subsystems
1129,Gallente Defensive Subsystems
1130,Amarr Offensive Subsystems
1131,Caldari Offensive Subsystems
1132,Gallente Offensive Subsystems
1133,Minmatar Offensive Subsystems
1134,Amarr Propulsion Subsystems
1135,Caldari Propulsion Subsystems
1136,Gallente Propulsion Subsystems
1137,Minmatar Propulsion Subsystems
1138,Strategic Cruisers
1139,Amarr
1140,Caldari
1141,Gallente
1142,Minmatar
1147,Subsystem Components
1191,Subsystem Components
1192,Faction Auto-Targeting
1193,Standard XL Torpedoes
1194,Faction XL Torpedoes
1195,Reinforced Bulkheads
1196,Nanofiber Internal Structures
1197,Expanded Cargoholds
1198,Scan Probe Launchers
1199,Scan Probes
1200,Survey Probes
1201,Interdiction Probes
1202,Large Armor Rigs
1203,Small Armor Rigs
1204,Medium Armor Rigs
1206,Small Armor Rigs
1207,Medium Armor Rigs
1208,Large Armor Rigs
1210,Small Astronautic Rigs
1211,Medium Astronautic Rigs
1212,Large Astronautic Rigs
1213,Small Drone Rigs
1214,Medium Drone Rigs
1215,Large Drone Rigs
1219,Small Electronics Superiority Rigs
1220,Medium Electronics Superiority Rigs
1221,Large Electronics Superiority Rigs
1222,Small Engineering Rigs
1223,Medium Engineering Rigs
1224,Large Engineering Rigs
1225,Small Energy Weapon Rigs
1226,Medium Energy Weapon Rigs
1227,Large Energy Weapon Rigs
1228,Small Hybrid Weapon Rigs
1229,Medium Hybrid Weapon Rigs
1230,Large Hybrid Weapon Rigs
1231,Small Missile Launcher Rigs
1232,Medium Missile Launcher Rigs
1233,Large Missile Launcher Rigs
1234,Small Shield Rigs
1235,Medium Shield Rigs
1236,Large Shield Rigs
1237,Small Projectile Weapon Rigs
1238,Medium Projectile Weapon Rigs
1239,Large Projectile Weapon Rigs
1240,Small Astronautic Rigs
1241,Medium Astronautic Rigs
1242,Large Astronautic Rigs
1243,Small Drone Rigs
1244,Medium Drone Rigs
1245,Large Drone Rigs
1249,Small Electronics Superiority Rigs
1250,Medium Electronics Superiority Rigs
1251,Large Electronics Superiority Rigs
1252,Small Engineering Rigs
1253,Medium Engineering Rigs
1254,Large Engineering Rigs
1255,Small Energy Weapon Rigs
1256,Medium Energy Weapon Rigs
1257,Large Energy Weapon Rigs
1258,Small Hybrid Weapon Rigs
1259,Medium Hybrid Weapon Rigs
1260,Large Hybrid Weapon Rigs
1261,Small Missile Launcher Rigs
1262,Medium Missile Launcher Rigs
1263,Large Missile Launcher Rigs
1264,Small Projectile Weapon Rigs
1265,Medium Projectile Weapon Rigs
1266,Large Projectile Weapon Rigs
1267,Small Shield Rigs
1268,Medium Shield Rigs
1269,Large Shield Rigs
1272,Sovereignty Structures
1273,Territorial Claim Units
1274,Sovereignty Blockade Units
1275,Infrastructure Hubs
1276,Infrastructure Upgrades
1282,Strategic Upgrades
1283,Industrial Upgrades
1284,Military Upgrades
1285,Starbase Structures
1286,XL Cruise Missiles
1287,Standard XL Cruise Missiles
1310,Heavy Fighters
1313,Heavy Fighters
1316,XL Cruise Missiles
1317,Faction XL Cruise Missiles
1320,Planetary Infrastructure
1322,Command Centers
1323,Resource Processing
1332,Planetary Materials
1333,Raw Planetary Materials
1334,Processed Planetary Materials
1335,Refined Planetary Materials
1336,Specialized Planetary Materials
1337,Advanced Planetary Materials
1338,Structures
1339,Control Towers
1340,Assembly Arrays
1341,Corporate Hangar Arrays
1342,Cynosural Generator Arrays
1343,Cynosural System Jammers
1344,Electronic Warfare Batteries
1345,Energy Neutralization Batteries
1346,Jump Bridge
1347,Hybrid Batteries
1348,Laser Batteries
1349,Missile Batteries
1350,Projectile Batteries
1351,Reactors
1352,Moon Harvesting Arrays
1353,Reprocessing Arrays
1354,Shield Hardening Arrays
1355,Silos
1356,Sovereignty Structures
1358,Nanite Repair Paste
1359,Laboratories
1361,Frigates
1362,Faction Frigates
1364,Advanced Frigates
1365,Pirate Faction
1366,Navy Faction
1367,Cruisers
1368,Advanced Cruisers
1369,Faction Cruisers
1370,Navy Faction
1371,Pirate Faction
1372,Destroyers
1373,Advanced Destroyers
1374,Battlecruisers
1375,Advanced Battlecruisers
1376,Battleships
1377,Advanced Battleships
1378,Faction Battleships
1379,Navy Faction
1380,Pirate Faction
1381,Capital Ships
1382,Haulers and Industrial Ships
1384,Mining Barges
1385,Advanced Haulers
1389,ORE
1390,ORE
1392,Faction Carrier
1396,Apparel
1397,Men's Clothing
1398,Tops
1399,Outerwear
1400,Footwear
1401,Bottoms
1402,Women's Clothing
1403,Bottoms
1404,Footwear
1405,Outerwear
1406,Tops
1407,Accessories
1408,Eyewear
1410,Orbital Infrastructure
1416,Reactive Armor Hardeners
1426,Signature Suppressor
1427,Aurum Tokens
1469,Armor Implants
1470,Electronic Systems Implants
1471,Engineering Implants
1472,Faction Omega Implants
1473,Gunnery Implants
1474,Industry Implants
1475,Fleet Support Implants
1476,Missile Implants
1477,Navigation Implants
1478,Science Implants
1479,Shield Implants
1480,Implant Slot 06
1481,Implant Slot 07
1482,Implant Slot 08
1483,Implant Slot 09
1484,Implant Slot 06
1485,Implant Slot 07
1486,Implant Slot 08
1489,Implant Slot 06
1490,Implant Slot 07
1491,Implant Slot 08
1492,Implant Slot 09
1493,Implant Slot 06
1494,Implant Slot 07
1495,Implant Slot 08
1496,Implant Slot 09
1497,Implant Slot 10
1498,Implant Slot 06
1499,Implant Slot 07
1500,Implant Slot 08
1501,Implant Slot 09
1502,Implant Slot 10
1504,Implant Slot 08
1505,Implant Slot 10
1506,Implant Slot 06
1507,Implant Slot 06
1508,Implant Slot 07
1509,Implant Slot 08
1512,Implant Slot 08
1513,Implant Slot 09
1514,Implant Slot 06
1515,Implant Slot 07
1516,Implant Slot 08
1517,Implant Slot 09
1518,Implant Slot 10
1520,Probes
1521,Survey Probes
1522,Materials
1525,Afterburners
1526,Cruise Missiles
1527,Heavy Missiles
1528,Light Missiles
1529,Interdiction Probes
1530,Combat Drones
1531,Light Scout Drones
1532,Medium Scout Drones
1533,Sentry Drones
1534,Weapon Batteries
1535,Ship Maintenance Arrays
1536,Armor Repairers
1537,Hull Repairers
1538,Remote Hull Repairers
1539,Remote Armor Repairers
1540,Armor Hardeners
1541,Armor Plates
1542,Damage Controls
1543,Energized Armor Membranes
1544,Armor Coatings
1545,Shield
1546,Engineering Equipment
1547,Shield Flux Coils
1548,Shield Hardeners
1549,Shield Extenders
1550,Shield Power Relays
1551,Shield Rechargers
1552,Shield Boosters
1553,Remote Shield Boosters
1554,Shield Resistance Amplifiers
1555,Capacitor Rechargers
1556,Capacitor Flux Coils
1557,Capacitor Power Relays
1558,Capacitor Batteries
1559,Auxiliary Power Controls
1560,Power Diagnostic Systems
1561,Reactor Control Units
1562,Remote Capacitor Transmitters
1563,Capacitor Boosters
1564,Energy Nosferatu
1565,Energy Neutralizers
1566,Electronic Warfare
1567,Electronic Counter Measures
1568,ECM Burst
1570,Stasis Webifiers
1571,Target Painters
1572,Warp Disruption Field Generators
1574,Weapon Disruptors
1575,ECCM
1576,Remote Sensor Dampeners
1577,Projected ECCM
1578,Electronics and Sensor Upgrades
1579,Automated Targeting Systems
1580,Remote Sensor Boosters
1581,Sensor Boosters
1582,Passive Targeting Systems
1583,Sensor Backup Arrays
1584,CPU Upgrades
1585,Signal Amplifiers
1586,Combat Utility Drones
1587,Amarr
1588,Caldari
1589,Gallente
1590,Minmatar
1591,Advanced Components
1592,Amarr
1593,Caldari
1594,Gallente
1595,Minmatar
1598,Orbital Strike
1599,Orbital Strike
1600,Orbital Strike
1601,Orbital Strike
1602,Orbital Strike
1603,Orbital Strike
1610,Amarr Subsystems
1612,Special Edition Ships
1614,Special Edition Industrial Ships
1616,ORE
1617,ORE
1618,Special Edition Shuttles
1619,Special Edition Frigates
1620,Special Edition Battleships
1621,Special Edition Heavy Assault Cruisers
1623,Special Edition Assault Frigates
1624,Special Edition Logistics
1625,Caldari Subsystems
1626,Minmatar Subsystems
1627,Gallente Subsystems
1631,Faction Shuttles
1633,Command Bursts
1639,Command Processors
1640,Jump Portal Generators
1641,Cynosural Field Generators
1642,Clone Vat Bays
1643,Salvage Drones
1646,Salvage Drones
1650,Micro Jump Drives
1651,Secure Containers
1652,Audit Log Containers
1653,Freight Containers
1657,Standard Containers
1658,Station Containers
1659,Special Edition Assets
1660,Special Edition Tournament Cards
1661,Special Edition Commodities
1662,Special Edition Apparel
1663,Special Edition Festival Assets
1664,Special Edition Blueprints
1665,Thermal Coatings
1666,Kinetic Coatings
1667,Explosive Coatings
1668,EM Coatings
1669,Layered Armor Coatings
1670,Multispectrum Coatings
1672,100mm Armor Plate
1673,200mm Armor Plate
1674,400mm Armor Plate
1675,800mm Armor Plate
1676,1600mm Armor Plate
1678,Thermal Armor Hardeners
1679,Kinetic Armor Hardeners
1680,Explosive Armor Hardeners
1681,EM Armor Hardeners
1682,Explosive Energized Membranes
1683,Thermal Energized Membranes
1684,EM Energized Membranes
1685,Kinetic Energized Membranes
1686,Multispectrum Energized Membranes
1687,Layered Energized Armor Membranes
1688,Thermal Shield Amplifiers
1689,Kinetic Shield Amplifiers
1690,Explosive Shield Amplifiers
1691,EM Shield Amplifiers
1692,Thermal Shield Hardeners
1693,Kinetic Shield Hardeners
1694,Explosive Shield Hardeners
1695,EM Shield Hardeners
1696,Multispectrum Shield Hardeners
1697,Micro Jump Drives
1698,Special Edition Battlecruisers
1699,Special Edition Cruisers
1700,Security Tags
1701,Personal Hangar Arrays
1702,Personal Hangar Arrays
1703,Faction Battlecruisers
1704,Navy Faction
1707,Scanning Upgrades
1708,Scanning Equipment
1709,Scanning Upgrades
1710,Scanning Equipment
1711,Harvest Equipment
1712,Salvagers
1713,Harvest Equipment
1715,Salvagers
1716,Survey Probe Launchers
1717,Survey Probe Launchers
1718,Analyzers
1719,Capital Armor Rigs
1720,Capital Astronautic Rigs
1721,Capital Drone Rigs
1723,Capital Electronics Superiority Rigs
1724,Capital Engineering Rigs
1725,Capital Energy Weapon Rigs
1726,Capital Hybrid Weapon Rigs
1727,Capital Missile Launcher Rigs
1728,Capital Projectile Weapon Rigs
1729,Capital Shield Rigs
1730,Capital Armor Rigs
1731,Capital Projectile Weapon Rigs
1732,Capital Shield Rigs
1733,Capital Missile Launcher Rigs
1734,Capital Hybrid Weapon Rigs
1735,Capital Energy Weapon Rigs
1736,Capital Engineering Rigs
1737,Capital Electronics Superiority Rigs
1739,Capital Drone Rigs
1740,Capital Astronautic Rigs
1745,Armor
1746,Neural Enhancement
1747,Shields
1748,Targeting
1761,Targeting Implants
1762,Resource Processing Implants
1763,Scanning Implants
1764,Neural Enhancement Implants
1765,Implant Slot 07
1766,Implant Slot 08
1767,Implant Slot 10
1768,Implant Slot 08
1769,Implant Slot 07
1770,Implant Slot 06
1771,Implant Slot 07
1772,Implant Slot 08
1773,Implant Slot 09
1774,Implant Slot 10
1775,Implant Slot 08
1776,Implant Slot 09
1777,Implant Slot 10
1779,Resource Processing Rigs
1780,Scanning Rigs
1781,Targeting Rigs
1782,Small Resource Processing Rigs
1783,Medium Resource Processing Rigs
1784,Large Resource Processing Rigs
1785,Capital Resource Processing Rigs
1786,Small Scanning Rigs
1787,Medium Scanning Rigs
1788,Large Scanning Rigs
1789,Capital Scanning Rigs
1790,Small Targeting Rigs
1791,Medium Targeting Rigs
1792,Large Targeting Rigs
1793,Capital Targeting Rigs
1794,Resource Processing Rigs
1795,Scanning Rigs
1796,Targeting Rigs
1797,Capital Resource Processing Rigs
1798,Large Resource Processing Rigs
1799,Medium Resource Processing Rigs
1800,Small Resource Processing Rigs
1801,Small Scanning Rigs
1802,Medium Scanning Rigs
1803,Large Scanning Rigs
1804,Capital Scanning Rigs
1805,Small Targeting Rigs
1806,Medium Targeting Rigs
1807,Large Targeting Rigs
1808,Capital Targeting Rigs
1809,Analyzers
1810,Alliance Tournament Cards
1811,New Eden Open Cards
1812,Alliance Tournament All Star Teams
1813,NEO YC 114 Team Cards
1814,Special Edition Implants
1815,Corvettes
1816,Amarr
1817,Caldari
1818,Gallente
1819,Minmatar
1822,Tattoos
1823,Planet Management
1824,Subsystems
1827,Rapid Heavy Missile Launchers
1828,Mobile Depots
1829,Mobile Cynosural Inhibitors
1830,Mobile Tractor Units
1831,Mobile Depots
1832,Mobile Cynosural Inhibitors
1833,Mobile Tractor Units
1834,Mobile Siphon Units
1835,Mobile Siphon Units
1836,Augmentations
1837,Special Edition Recon Ships
1838,Special Edition Covert Ops
1840,Covert Research Tools
1841,Starbase Structures
1842,Mobile Micro Jump Units
1843,Mobile Scan Inhibitors
1844,Mobile Micro Jump Units
1845,Mobile Scan Inhibitors
1846,Bounty Encrypted Bonds
1847,Encounter Surveillance Systems
1849,Reaction Formulas
1850,Simple Reactions
1851,Complex Reactions
1852,Simple Biochemical Reactions
1853,Complex Biochemical Reactions
1854,Polymer Reactions
1855,Ice Ores
1856,Alloys & Compounds
1857,Minerals
1858,Booster Materials
1859,Fullerenes
1860,Polymer Materials
1861,Salvage Materials
1862,Ancient Salvaged Materials
1863,Salvaged Materials
1864,Construction Platforms
1865,Structure Components
1866,Amarr Improvement Platforms
1867,Caldari Improvement Platforms
1868,Gallente Improvement Platforms
1869,Minmatar Improvement Platforms
1870,Fuel Blocks
1872,Research Equipment
1873,Decryptors
1880,Datacores
1883,Advanced Capital Components
1884,Amarr
1885,Caldari
1886,Gallente
1887,Minmatar
1888,Gallente
1889,Minmatar
1897,Faction Materials
1898,Angel Cartel
1899,Blood Raiders
1900,Guristas
1901,Serpentis
1902,Sleeper
1903,Talocan
1904,Yan Jung
1905,Takmahl
1906,Rogue Drones
1907,R.Db
1908,R.A.M.
1909,Ancient Relics
1912,Construction Platforms
1913,Structure Components
1918,R.A.M.
1919,R.Db
1920,Fuel Blocks
1921,Compression Array
1922,Pilot's Services
1923,PLEX
1924,Expedition Frigates
1931,Warp Accelerators
1932,Special Edition Interceptors
1935,Warp Disruptors
1936,Warp Scramblers
1937,Interdiction Sphere Launchers
1938,Warp Disruptors
1939,Warp Scramblers
1940,Interdiction Sphere Launchers
1941,Jump Economizers
1942,Pilot's Services
1943,Headwear
1944,"Bottoms, extras"
1945,Compression Array
1949,ORE
1950,ORE
1951,Tactical Destroyers
1952,Amarr
1953,Minmatar
1954,Ship SKINs
1955,Battlecruisers
1956,Amarr
1957,Caldari
1958,Gallente
1959,Minmatar
1960,Battleships
1961,Faction Battleships
1962,Standard Battleships
1963,Pirate Faction
1964,Amarr
1965,Caldari
1966,Gallente
1967,Minmatar
1968,Capital Ships
1969,ORE
1970,Carriers
1971,Dreadnoughts
1972,Freighters
1973,Titans
1974,Amarr
1975,Caldari
1976,Gallente
1977,Minmatar
1978,Amarr
1979,Gallente
1980,Amarr
1981,Caldari
1982,Gallente
1983,Minmatar
1984,Amarr
1985,Caldari
1986,Gallente
1987,Minmatar
1988,Cruisers
1989,Destroyers
1990,Amarr
1991,Caldari
1992,Gallente
1993,Minmatar
1994,Amarr
1995,Caldari
1996,Gallente
1997,Minmatar
1998,Frigates
1999,Faction Frigates
2000,Navy Faction
2001,Standard Frigates
2002,Amarr
2003,Caldari
2004,Gallente
2005,Minmatar
2006,Haulers and Industrial Ships
2007,Amarr
2008,Caldari
2009,Gallente
2010,Minmatar
2011,Mining Barges
2012,Exhumers
2013,Unknown Components
2014,Industrial Upgrades
2015,Sovereignty and Infrastructure
2016,Military Upgrades
2017,Strategic Upgrades
2018,Entosis Links
2020,Entosis Links
2021,Caldari
2022,Advanced Battleships
2023,Marauders
2024,Amarr
2025,Caldari
2026,Gallente
2027,Minmatar
2028,Standard Cruisers
2029,Faction Cruisers
2030,Pirate Faction
2031,Pirate Faction
2032,Missile Guidance Computers
2033,Missile Guidance Enhancers
2034,Gallente
2035,Standard Destroyers
2036,Advanced Destroyers
2037,Interdictors
2038,Amarr
2039,Caldari
2040,Gallente
2041,Minmatar
2042,Advanced Frigates
2043,Assault Frigates
2044,Covert Ops
2045,Electronic Attack Frigates
2046,Interceptors
2047,Amarr
2048,Caldari
2049,Gallente
2050,Minmatar
2051,Amarr
2052,Caldari
2053,Gallente
2054,Minmatar
2055,Amarr
2056,Caldari
2057,Gallente
2058,Minmatar
2059,Amarr
2060,Caldari
2061,Gallente
2062,Minmatar
2063,Navy Faction
2064,Advanced Cruisers
2065,Heavy Assault Cruisers
2066,Heavy Interdiction Cruisers
2067,Logistics
2068,Recon Ships
2069,Amarr
2070,Caldari
2071,Gallente
2072,Minmatar
2073,Amarr
2074,Caldari
2075,Gallente
2076,Minmatar
2077,Amarr
2078,Caldari
2079,Gallente
2080,Minmatar
2081,Amarr
2082,Caldari
2083,Gallente
2084,Minmatar
2085,Standard Haulers
2086,Advanced Haulers
2087,Transport Ships
2088,Amarr
2089,Caldari
2090,Gallente
2091,Minmatar
2092,Caldari
2093,Minmatar
2094,Jump Freighters
2095,Amarr
2096,Caldari
2097,Gallente
2098,Minmatar
2099,Advanced Battlecruisers
2100,Faction Battlecruisers
2101,Standard Battlecruisers
2102,Command Ships
2103,Navy Faction
2104,Amarr
2105,Caldari
2106,Gallente
2107,Minmatar
2108,Navy Faction
2109,Black Ops
2110,Amarr
2111,Caldari
2112,Gallente
2113,Minmatar
2114,Capital Industrial Ships
2115,Special Edition Heavy Interdiction Cruisers
2119,Multiple Hull SKINs
2120,Special Edition SKINs
2125,Command Destroyers
2126,Amarr
2131,Caldari
2132,Gallente
2133,Minmatar
2134,Micro Jump Field Generators
2135,Micro Jump Field Generators
2136,Logistics Frigates
2137,Amarr
2138,Caldari
2139,Gallente
2140,Minmatar
2141,Command Destroyers
2142,Amarr
2143,Caldari
2144,Gallente
2145,Minmatar
2146,Logistics Frigates
2147,Amarr
2148,Caldari
2149,Gallente
2150,Minmatar
2151,Ice Mining Lasers
2152,Structure Management
2153,Stasis Grapplers
2154,Stasis Grapplers
2155,Named Components
2156,Citadels
2157,Structure Modifications
2158,Structure Equipment
2159,Structure Combat Rigs
2160,Structure Resource Processing Rigs
2161,Electronic Warfare
2162,Electronics and Sensor Upgrades
2163,Engineering Equipment
2164,Structure Weapons
2165,Fighter Upgrades
2166,Service Modules
2167,Electronic Counter Measures
2168,Remote Sensor Dampeners
2169,Stasis Webifiers
2170,Target Painters
2171,Weapon Disruptors
2172,Warp Scramblers
2173,CPU Upgrades
2174,Signal Amplifiers
2175,Capacitor Batteries
2176,Energy Neutralizers
2177,Reactor Control Units
2178,Missile Launchers
2179,Weapon Upgrades
2180,Doomsday Devices
2181,Citadel Service Modules
2182,Resource Processing Service Modules
2183,Structure Anticapital Launcher
2184,Structure Antisubcapital Launcher
2185,Guided Bomb Launchers
2186,Point Defense Batteries
2187,Ship Tractor Beams
2188,Capacitor Power Relays
2189,Ballistic Control Systems
2190,Missile Guidance Enhancers
2191,Structure Anticapital Missiles
2192,Structure Antisubcapital Missiles
2193,Structure Guided Bombs
2196,Structure Antisubcapital Missiles
2197,Structure Anticapital Missiles
2198,Structure Guided Bombs
2199,Citadels
2200,Faction Citadels
2201,Standard Citadels
2202,Structure Equipment
2203,Structure Modifications
2204,Structure Resource Processing Rigs
2205,Structure Combat Rigs
2206,Electronic Warfare
2207,Electronics and Sensor Upgrades
2208,Engineering Equipment
2209,Structure Weapons
2210,Service Modules
2211,Electronic Counter Measures
2212,Remote Sensor Dampeners
2213,Stasis Webifiers
2214,Target Painters
2215,Weapon Disruptors
2216,Warp Disruptors
2218,CPU Upgrades
2219,Signal Amplifiers
2220,Capacitor Power Relays
2221,Point Defense Batteries
2222,Reactor Control Units
2223,Energy Neutralizers
2224,Capacitor Batteries
2226,Missile Launchers
2227,Weapon Upgrades
2228,Doomsday Devices
2229,Guided Bomb Launchers
2230,Structure Anticapital Launcher
2231,Structure Antisubcapital Launcher
2232,Citadel Service Modules
2233,Resource Processing Service Modules
2234,Ballistic Control Systems
2235,Missile Guidance Enhancers
2236,Fighters
2237,Fighters
2238,Support Fighters
2239,Support Fighters
2240,25000mm Armor Plate
2241,Capital
2242,Capital
2243,Capital
2244,Capital
2245,Scriptable Armor Hardeners
2246,Scriptable Shield Hardeners
2247,Rapid Torpedo Launchers
2248,Burst Projectors
2249,Burst Projectors
2250,Capital
2251,Capital
2252,Extra Large
2253,Extra Large
2254,Extra Large
2255,Extra Large
2256,Extra Large
2257,Extra Large
2258,Advanced Anti-Ship XL Torpedoes
2259,Advanced Long Range XL Torpedoes
2260,Advanced High Precision XL Cruise Missiles
2261,Advanced High Damage XL Cruise Missiles
2262,Force Auxiliaries
2263,Amarr
2264,Caldari
2265,Gallente
2266,Minmatar
2267,Amarr
2268,Caldari
2269,Gallente
2270,Minmatar
2271,Force Auxiliaries
2272,Amarr
2273,Caldari
2274,Gallente
2275,Minmatar
2276,Non-Racial
2277,Force Auxiliaries
2278,Amarr
2279,Caldari
2280,Gallente
2281,Minmatar
2283,Capsules
2285,Capsules
2286,Special Edition Capsules
2287,Faction Titans
2288,Faction Dreadnoughts
2290,Command Burst Charges
2291,Armor Command Burst Charges
2292,Information Command Burst Charges
2293,Mining Foreman Burst Charges
2294,Shield Command Burst Charges
2295,Skirmish Command Burst Charges
2297,Command Burst Charges
2298,Armor Command Burst Charges
2299,Information Command Burst Charges
2300,Mining Foreman Burst Charges
2301,Shield Command Burst Charges
2302,Skirmish Command Burst Charges
2306,Corvettes
2307,Standard Corvettes
2308,Amarr
2309,Tactical Destroyers
2310,Amarr
2311,Special Battlecruisers
2312,Special Battlecruisers
2313,Special Destroyers
2314,Special Destroyers
2315,Shuttles
2316,Special Shuttles
2317,Strong Boxes
2318,ORE
2319,Mining Barges
2320,Expedition Frigates
2321,ORE
2322,Engineering Complexes
2323,Engineering Service Modules
2324,Engineering Complexes
2325,ORE
2327,Refineries
2328,ORE
2330,Special Edition Haulers
2331,ORE
2332,Engineering Service Modules
2333,Industrial Command Ships
2334,ORE
2335,Industrial Command Ships
2336,ORE
2337,Industrial Command Ships
2338,ORE
2339,Structure Engineering Rigs
2340,Structure Engineering Rigs
2341,Medium Structure Resource Processing Rigs
2342,Large Structure Resource Processing Rigs
2343,X-Large Structure Resource Processing Rigs
2344,Medium Structure Combat Rigs
2345,Large Structure Combat Rigs
2346,X-Large Structure Combat Rigs
2347,Medium Structure Engineering Rigs
2348,Large Structure Engineering Rigs
2349,X-Large Structure Engineering Rigs
2350,Special Edition Destroyers
2351,Defender Launchers
2353,Caldari
2354,Gallente
2355,Minmatar
2356,Gallente
2357,Faction Force Auxiliaries
2358,Skill Trading
2359,Faction Corvettes
2360,Pirate Faction
2361,Special Covert Ops
2362,Special Recon Ships
2369,Strategic Cruisers
2370,Caldari
2371,Amarr
2372,Gallente
2373,Minmatar
2374,Standard Carriers
2375,Faction Carriers
2376,Pirate Faction
2377,Standard Dreadnoughts
2378,Faction Dreadnoughts
2380,Pirate Faction
2381,Standard Titans
2382,Faction Titans
2383,Pirate Faction
2387,Amarr
2388,Caldari
2389,Gallente
2390,Minmatar
2391,Caldari
2392,Minmatar
2393,Refineries
2395,Moon Ores
2396,Ubiquitous Moon Ores
2397,Common Moon Ores
2398,Uncommon Moon Ores
2400,Rare Moon Ores
2401,Exceptional Moon Ores
2402,Biochemical Reaction Formulas
2403,Composite Reaction Formulas
2404,Polymer Reaction Formulas
2406,Special Black Ops
2407,Structure Burst Projectors
2408,Structure Burst Projectors
2409,Structure-based Fighters
2410,Carrier-based Fighters
2411,Standup Light Fighters
2412,Standup Heavy Fighters
2413,Standup Support Fighters
2414,Armor Reinforcers
2415,Armor Reinforcers
2416,Flag Cruisers
2417,CONCORD
2418,Flag Cruisers
2419,CONCORD
2420,Special Battleships
2421,Special Battleships
2425,Precursor Frigates
2426,Triglavian
2427,Precursor Cruisers
2428,Triglavian
2429,Precursor Battleships
2430,Triglavian
2431,Precursor Turrets
2432,Entropic Disintegrators
2433,Small
2434,Medium
2435,Large
2436,Mutaplasmids
2437,Armor Mutaplasmids
2438,Shield Mutaplasmids
2439,Astronautic Mutaplasmids
2440,Engineering Mutaplasmids
2441,Warp Disruption Mutaplasmids
2442,Stasis Webifier Mutaplasmids
2443,Small Armor Mutaplasmids
2444,Medium Armor Mutaplasmids
2445,Large Armor Mutaplasmids
2446,Small Shield Mutaplasmids
2447,Medium Shield Mutaplasmids
2448,Large Shield Mutaplasmids
2449,X-Large Shield Mutaplasmids
2450,Small Astronautic Mutaplasmids
2451,Medium Astronautic Mutaplasmids
2452,Large Astronautic Mutaplasmids
2453,Small Engineering Mutaplasmids
2454,Medium Engineering Mutaplasmids
2455,Large Engineering Mutaplasmids
2456,Filaments
2457,Exotic Filaments
2458,Dark Filaments
2459,Firestorm Filaments
2460,Gamma Filaments
2461,Electrical Filaments
2462,Exotic Plasma Charges
2463,Standard Exotic Plasma Charges
2464,Advanced Exotic Plasma Charges
2465,Small
2466,Medium
2467,Large
2468,Small
2469,Medium
2470,Large
2471,Entropic Radiation Sinks
2473,Drone Implants
2474,Implant Slot 06
2475,Implant Slot 07
2476,Implant Slot 08
2477,Implant Slot 09
2478,Implant Slot 10
2479,Abyssal Materials
2480,Triglavian Data
2481,Precursor Battleships
2482,Triglavian
2483,Precursor Cruisers
2484,Precursor Frigates
2485,Triglavian
2486,Triglavian
2487,Cerebral Accelerators
2488,Booster Slot 01
2489,Booster Slot 02
2490,Booster Slot 03
2491,Blue Pill
2492,Exile
2493,Mindflood
2494,X-Instinct
2495,Antipharmakon
2496,Drop
2497,Frentix
2498,Sooth Sayer
2499,Antipharmakon
2500,Crash
2501,Antipharmakon
2502,Booster Slot 11
2503,Hardshell
2504,Overclocker
2505,Pyrolancea
2506,Other
2508,Mass Entangler
2509,Mass Entanglers
2510,Navigation Structures
2511,Navigation Structures
2512,Weapon Upgrade Mutaplasmids
2513,Magnetic Field Stabilizer Mutaplasmids
2514,Heat Sink Mutaplasmids
2515,Gyrostabilizer Mutaplasmids
2516,Entropic Radiation Sink Mutaplasmids
2517,Ballistic Control System Mutaplasmids
2518,Precursor Battlecruisers
2519,Triglavian
2520,Precursor Destroyers
2521,Triglavian
2522,Precursor Destroyers
2523,Triglavian
2524,Precursor Battlecruisers
2525,Triglavian
2526,Triglavian
2527,Mutadaptive Remote Armor Repairers
2529,Medium
2530,Booster Slot 12
2531,Booster Slot 14
2532,Damage Control Mutaplasmids
2533,Damage Control Mutaplasmids
2534,Assault Damage Control Mutaplasmids
2535,Triglavian
2536,Triglavian
2537,Triglavian
2538,Bezdnacine
2539,Rakovene
2540,Talassonite
2658,Triglavian
2690,Triglavian
2691,Extra Large
2692,Extra Large
2693,Triglavian
2701,HyperNet Relay
2702,Special Edition Corvettes
2703,Precursor Dreadnoughts
2704,Triglavian
2706,Jump Filaments
2728,Condenser Packs
2729,Standard Condenser Packs
2730,Advanced Condenser Packs
2734,Small
2735,Medium
2736,Large
2737,Small
2738,Medium
2739,Large
2740,Vorton Tuning Systems
2741,Vorton Projectors
2742,Small
2743,Medium
2744,Large
2747,Proving Ground Filaments
2749,Quantum Cores
2750,Capital Astronautic Mutaplasmids
2751,Capital Armor Mutaplasmids
2752,Capital Shield Mutaplasmids
2753,Capital Engineering Mutaplasmids
2754,Siege Module Mutaplasmids
2756,Triglavian Space Outbound
2757,Triglavian Space Inbound
2760,Special Edition Deployable Structures
2761,Clone Mappers
2763,Mobile Cynosural Beacons
2764,Mobile Cynosural Beacons
2765,Advanced Protective Technology
2766,Molecular-Forging Tools
2767,Molecular-Forged Materials
2768,Protective Components
2769,Molecular-Forged Reaction Formulas
2770,Protective Components
2771,Mobile Observatories
2772,Mobile Observatories
2783,Interdiction Nullifiers
2790,Booster Slot 15
2791,Booster Slot 16
2792,Booster Slot 17
2795,Gas Cloud Harvesters
2797,Analysis Beacons
2798,Analysis Beacons
2799,Rogue Drone Data
2800,Drone Mutaplasmids
2801,AEGIS Databases
2804,Asteroid Mining Crystals
2805,Moon Mining Crystals
2806,Asteroid Mining Crystals
2807,Moon Mining Crystals
2814,Compressed Gas
2815,Compressors
2816,Compressor Blueprints
2819,Special Edition Electronic Attack Frigates
2820,Structure Area Denial Ammunition
2821,Structure Area Denial Ammunition
3450,Mobile Strategic Objectives
3451,Mobile Strategic Objectives
3453,Amarr Empire
3454,Minmatar Republic
3455,Caldari State
3456,Gallente Federation
3478,Masks
3480,Faction Destroyers
3481,Navy Faction
3483,Pirate Faction
3484,Navy Faction
3487,Mordunium
3488,Ytirium
3489,Eifyrium
3490,Ducinium
3495,Navy Faction
3496,Faction Destroyers
3497,Navy Faction
3508,Precursor Dreadnoughts
3509,Standard Dreadnoughts
3510,Advanced Dreadnoughts
3511,Lancer Dreadnoughts
3512,Amarr
3513,Caldari
3514,Minmatar
3515,Gallente
3519,Advanced Dreadnoughts
3520,Lancer Dreadnoughts
3521,Gallente
3523,Minmatar
3531,Pirate Faction
3534,Pirate Faction
3535,Amarr
3536,EDENCOM
3537,EDENCOM
3538,EDENCOM
3539,EDENCOM
3540,EDENCOM
3541,EDENCOM
3542,Vorton Tuning System Mutaplasmids
3546,Caldari
3548,Special Frigates
3549,Special Frigates
3567,Pirate Faction
3568,Pirate Faction
